Rk,Player,Nation,Pos,Squad,Age,Born,90s,Tkl,TklW,Def 3rd,Mid 3rd,Att 3rd,Tklvsdribble,Att,Tkl%,Past,Press,Succ,%,Def 3rd,Mid 3rd,Att 3rd,Blocks,Sh,ShSv,Pass,Int,Tkl+Int,Clr,Err,Matches,-9999
1,Paxten Aaronson,us USA,FWMF,Philadelphia,18-309,2003,2.1,7,5,3,3,1,3,5,60,2,84,25,29.8,15,38,31,2,0,0,2,2,9,0,0,Matches,4cd41883
2,Lalas Abubakar,gh GHA,DF,Colorado Rapids,27-188,1994,14,21,14,13,8,0,6,11,54.5,5,120,40,33.3,57,58,5,34,16,2,18,32,53,60,0,Matches,4a67f05b
3,Nicolás Acevedo,uy URU,MFDF,NYCFC,23-078,1999,11.5,40,21,20,11,9,24,40,60,16,241,87,36.1,103,102,36,22,0,0,22,37,77,13,0,Matches,6140be7b
4,Ifunanyachi Achara,us USA,FWMF,Toronto FC,24-276,1997,2.6,5,4,1,4,0,2,5,40,3,89,27,30.3,18,46,25,3,0,0,3,7,12,2,0,Matches,d31bf83e
5,Bryan Acosta,hn HON,MF,Colorado Rapids,28-219,1993,7.6,18,14,9,9,0,3,10,30,7,125,36,28.8,41,73,11,5,3,0,2,10,28,14,0,Matches,c5f400f4
6,George Acosta,us USA,MF,Inter Miami,22-163,2000,0.1,1,0,0,1,0,1,1,100,0,3,1,33.3,0,3,0,0,0,0,0,1,2,0,0,Matches,409d5b26
7,Kellyn Acosta,us USA,MFDF,Los Angeles FC,26-342,1995,14.2,17,10,7,9,1,7,22,31.8,15,203,61,30,48,111,44,21,3,0,18,15,32,5,0,Matches,ece10cfe
8,Luciano Acosta,ar ARG,MF,FC Cincinnati,28-031,1994,15.1,35,20,12,14,9,7,27,25.9,20,326,82,25.2,77,144,105,20,1,0,19,17,52,2,0,Matches,363ba6d7
9,Mo Adams,eng ENG,MF,Inter Miami,25-281,1996,3.9,18,11,8,6,4,5,7,71.4,2,116,33,28.4,47,58,11,8,1,0,7,9,27,3,0,Matches,00362ef7
10,Samuel Adeniran,us USA,FWMF,Seattle,23-274,1998,0.8,0,0,0,0,0,0,1,0,1,24,5,20.8,4,13,7,2,1,0,1,1,1,0,0,Matches,86429529
11,Harrison Afful,gh GHA,DFMF,Charlotte FC,35-342,1986,4.8,5,3,2,2,1,2,7,28.6,5,44,16,36.4,14,21,9,5,0,0,5,9,14,6,0,Matches,7d8ede09
12,Oskar Ågren,se SWE,DF,San Jose,23-294,1998,1,0,0,0,0,0,0,2,0,2,12,1,8.3,6,6,0,2,0,0,2,3,3,4,0,Matches,5ad77e97
13,Daniel Aguirre,us USA,MFFW,LA Galaxy,22-364,1999,1.4,0,0,0,0,0,0,3,0,3,32,7,21.9,4,24,4,3,0,0,3,3,3,1,0,Matches,ecc5063f
14,Ali Ahmed,ca CAN,DF,Vancouver,21-264,2000,0.4,0,0,0,0,0,0,1,0,1,7,1,14.3,2,1,4,1,0,0,1,1,1,0,0,Matches,540a5be1
15,Arnaud Ake,ci CIV,FW,Nashville,24-091,1998,3,3,1,2,1,0,0,1,0,1,67,12,17.9,11,27,29,2,0,0,2,2,5,0,0,Matches,3402bb17
16,Tesho Akindele,ca CAN,FW,Orlando City,30-092,1992,2.6,4,2,3,0,1,1,4,25,3,82,20,24.4,20,32,30,7,1,0,6,4,8,5,0,Matches,897304e5
17,Ayo Akinola,ca CAN,FW,Toronto FC,22-162,2000,5.1,3,3,2,1,0,2,3,66.7,1,73,20,27.4,5,27,41,3,1,0,2,0,3,0,0,Matches,214d2406
18,Jordy Alcivar,ec ECU,MF,Charlotte FC,22-330,1999,9.9,14,6,7,7,0,5,13,38.5,8,164,37,22.6,40,91,33,6,1,0,5,15,29,3,0,Matches,6e98c19f
19,Caio Alexandre,br BRA,MF,Vancouver,23-127,1999,0.7,0,0,0,0,0,0,1,0,1,27,4,14.8,11,13,3,1,0,0,1,1,1,0,0,Matches,08ac23b7
20,Tony Alfaro,us USA,DF,D.C. United,29-016,1993,3.2,2,1,2,0,0,1,3,33.3,2,29,7,24.1,15,13,1,6,5,0,1,4,6,12,0,Matches,4118b12a
21,Noah Allen,us USA,DFMF,Inter Miami,18-064,2004,3.5,10,5,7,3,0,4,14,28.6,10,59,16,27.1,42,9,8,7,1,0,6,6,16,7,0,Matches,043f389a
22,Thiago Almada,ar ARG,FWMF,Atlanta Utd,21-066,2001,9.9,7,5,3,2,2,5,12,41.7,7,141,36,25.5,25,70,46,6,1,0,5,7,14,0,0,Matches,27f33438
23,Osvaldo Alonso,cu CUB,MF,Atlanta Utd,36-232,1985,3.7,7,4,6,1,0,3,10,30,7,59,12,20.3,27,27,5,7,3,0,4,6,13,5,0,Matches,8449bfda
24,Jozy Altidore,us USA,FW,New England,32-237,1989,5.5,2,2,0,1,1,1,2,50,1,45,13,28.9,4,24,17,4,3,0,1,2,4,4,0,Matches,8db8ad1e
25,Efrain Alvarez,mx MEX,FWMF,LA Galaxy,20-012,2002,10,3,3,2,0,1,0,9,0,9,146,46,31.5,21,56,69,7,1,0,6,6,9,0,0,Matches,3cd08ab7
26,Luis Amarilla,py PAR,FW,Minnesota Utd,26-310,1995,10.7,6,3,0,5,1,2,5,40,3,162,41,25.3,4,75,83,4,0,0,4,5,11,11,0,Matches,fa66adb6
27,Frankie Amaya,us USA,MF,NY Red Bulls,21-278,2000,16.2,54,36,21,27,6,17,31,54.8,14,384,126,32.8,120,198,66,17,1,0,16,34,88,22,1,Matches,2e8bd00c
28,Mikey Ambrose,us USA,DF,Atlanta Utd,28-269,1993,0.5,1,1,1,0,0,1,2,50,1,7,2,28.6,4,3,0,1,0,0,1,0,1,1,0,Matches,f649d6aa
29,Malte Amundsen,dk DEN,DF,NYCFC,24-140,1998,10.6,26,14,19,7,0,12,17,70.6,5,119,38,31.9,60,39,20,16,2,0,14,20,46,19,0,Matches,83b6e15d
30,Max Anchor,ca CAN,GK,Vancouver,17-345,2004,1,0,0,0,0,0,0,0,,0,0,0,,0,0,0,0,0,0,0,0,0,0,0,Matches,d6aa8848
31,Sebastian Anderson,us USA,DF,Colorado Rapids,19-327,2002,0.1,0,0,0,0,0,0,1,0,1,4,1,25,0,2,2,0,0,0,0,0,0,0,0,Matches,3a9911ce
32,José Andrés Martínez,ve VEN,MF,Philadelphia,27-328,1994,15.6,43,26,19,22,2,18,43,41.9,25,254,79,31.1,123,112,19,32,11,0,21,42,85,29,0,Matches,c8364e8e
33,Jalil Anibaba,us USA,DF,Columbus Crew,33-255,1988,0.9,1,1,0,1,0,0,0,,0,9,7,77.8,1,8,0,4,3,0,1,0,1,6,0,Matches,e44593b0
34,Themi Antonoglou,ca CAN,DF,Toronto FC,21-029,2001,0.1,1,1,1,0,0,0,0,,0,1,1,100,1,0,0,0,0,0,0,0,1,0,0,Matches,b137ee51
35,Brian Anunga,cm CMR,MF,Nashville,25-325,1996,5.7,14,11,6,7,1,6,11,54.5,5,151,50,33.1,73,62,16,10,1,0,9,15,29,3,0,Matches,17b28ec7
36,Cristian Arango,co COL,FW,Los Angeles FC,27-114,1995,11.8,10,4,3,4,3,3,10,30,7,192,60,31.3,28,66,98,6,2,0,4,3,13,10,0,Matches,fea9401e
37,César Araujo,uy URU,MF,Orlando City,21-090,2001,14.4,34,22,14,14,6,19,40,47.5,21,377,105,27.9,140,199,38,25,3,0,22,23,57,23,0,Matches,3ed214ff
38,Julian Araujo,mx MEX,DF,LA Galaxy,20-322,2001,13.9,36,21,15,15,6,20,31,64.5,11,232,74,31.9,79,106,47,22,0,0,22,33,69,27,0,Matches,8f4541c2
39,Luiz Araújo,br BRA,FW,Atlanta Utd,26-029,1996,8.5,18,10,7,6,5,6,10,60,4,122,43,35.2,20,66,36,8,0,0,8,5,23,4,0,Matches,fa18c72e
40,Daniel Armando Ríos,mx MEX,FW,Charlotte FC,27-129,1995,10.5,10,8,1,7,2,5,9,55.6,4,195,59,30.3,6,90,99,10,3,0,7,2,12,3,0,Matches,078b2c07
41,Adam Armour,us USA,MF,Charlotte FC,19-277,2002,0.9,1,1,1,0,0,0,0,,0,19,5,26.3,3,11,5,5,0,0,5,1,2,3,0,Matches,546c2c25
42,Xavier Arreaga,ec ECU,DF,Seattle,27-276,1994,12.1,12,7,11,1,0,4,16,25,12,99,33,33.3,66,28,5,13,5,0,8,33,45,46,0,Matches,7f2b7640
43,Kervin Arriaga,hn HON,MF,Minnesota Utd,24-177,1998,13,22,11,7,11,4,8,29,27.6,21,228,63,27.6,78,115,35,20,7,0,13,16,38,30,0,Matches,4f8a9f70
44,Paul Arriola,us USA,FW,FC Dallas,27-146,1995,14.9,17,9,6,4,7,6,19,31.6,13,254,66,26,61,85,108,12,0,0,12,8,25,8,0,Matches,1bb2acce
45,Artur,br BRA,MF,Columbus Crew,26-112,1996,12,24,19,9,13,2,11,24,45.8,13,210,65,31,74,103,33,17,2,0,15,29,53,9,0,Matches,ea6803c7
46,Dairon Asprilla,co COL,FWMF,Portland Timbers,30-037,1992,9.5,14,10,8,5,1,2,17,11.8,15,168,44,26.2,45,66,57,12,2,0,10,9,23,7,0,Matches,218d336c
47,Isaac Atanga,gh GHA,FW,FC Cincinnati,21-337,2000,0.5,1,0,1,0,0,0,0,,0,7,1,14.3,6,0,1,1,0,0,1,1,2,2,0,Matches,ff0f2a53
48,Joshua Atencio,us USA,MF,Seattle,20-151,2002,1.7,4,2,2,2,0,3,6,50,3,34,7,20.6,15,18,1,3,0,0,3,6,10,4,0,Matches,1f084637
49,Roberto Avila,us USA,FWMF,Houston Dynamo,21-258,2000,1.7,4,3,1,3,0,1,2,50,1,41,10,24.4,13,17,11,3,0,0,3,2,6,4,0,Matches,bb666b57
50,David Ayala,ar ARG,MF,Portland Timbers,19-340,2002,3,12,7,5,5,2,4,7,57.1,3,61,14,23,22,30,9,8,1,0,7,1,13,7,0,Matches,06dafc0e
51,Edison Azcona,do DOM,MF,Inter Miami,18-222,2003,0.2,1,1,0,0,1,1,1,100,0,8,1,12.5,3,2,3,0,0,0,0,1,2,0,0,Matches,05f54837
52,Dominique Badji,sn SEN,FWDF,FC Cincinnati,29-258,1992,11.2,15,12,5,8,2,7,18,38.9,11,156,50,32.1,38,62,56,15,0,0,15,10,25,17,0,Matches,758ac389
53,Zico Bailey,us USA,DFMF,FC Cincinnati,21-308,2000,0.9,3,1,2,0,1,1,3,33.3,2,23,8,34.8,9,8,6,4,0,0,4,3,6,4,0,Matches,aa9e1161
54,Corey Baird,us USA,FWMF,Houston Dynamo,26-152,1996,7.5,10,7,5,0,5,6,15,40,9,131,28,21.4,37,43,51,7,1,0,6,11,21,4,0,Matches,2d0d1442
55,Reed Baker-Whiting,us USA,MF,Seattle,17-092,2005,1,0,0,0,0,0,0,0,,0,17,4,23.5,3,7,7,0,0,0,0,1,1,1,0,Matches,816d7aec
56,Michael Baldisimo,ca CAN,MF,Vancouver,22-079,2000,3.5,10,8,6,3,1,5,11,45.5,6,64,17,26.6,25,31,8,6,5,0,1,3,13,9,0,Matches,894b41c5
57,Tom Barlow,us USA,FW,NY Red Bulls,26-358,1995,7.9,8,6,1,4,3,1,6,16.7,5,222,52,23.4,12,98,112,8,2,0,6,0,8,5,0,Matches,da4821de
58,Álvaro Barreal,ar ARG,FWDF,FC Cincinnati,21-318,2000,9.1,16,10,8,6,2,9,25,36,16,177,47,26.6,56,81,40,14,1,0,13,11,27,12,0,Matches,ffca53e1
59,Michael Barrios,co COL,FW,Colorado Rapids,31-071,1991,10.1,6,5,0,4,2,3,13,23.1,10,147,30,20.4,16,66,65,11,0,0,11,5,11,3,0,Matches,df782c79
60,Ethan Bartlow,us USA,DFMF,Houston Dynamo,22-149,2000,5.8,6,6,2,3,1,3,5,60,2,42,11,26.2,19,21,2,15,12,0,3,5,11,22,0,Matches,552898bd
61,Zorhan Bassong,ca CAN,DF,CF Montréal,23-055,1999,1.9,2,2,2,0,0,2,6,33.3,4,28,9,32.1,10,9,9,4,1,0,3,5,7,5,0,Matches,6297d826
62,Tanner Beason,us USA,DF,San Jose,25-100,1997,9.2,14,7,6,7,1,4,10,40,6,91,33,36.3,35,49,7,13,4,0,9,19,33,31,0,Matches,3f1b018e
63,Alejandro Bedoya,us USA,MF,Philadelphia,35-063,1987,15.9,24,12,13,7,4,8,21,38.1,13,223,52,23.3,69,97,57,36,5,0,31,18,42,13,0,Matches,9a6f8dfd
64,Steven Beitashour,ir IRN,DF,Colorado Rapids,35-150,1987,6.7,17,8,8,4,5,11,14,78.6,3,77,19,24.7,25,32,20,10,1,0,9,12,29,9,0,Matches,64f1680a
65,Jon Bell,us USA,DF,New England,24-309,1997,5.5,6,6,5,1,0,2,5,40,3,69,22,31.9,41,26,2,9,4,0,5,9,15,31,0,Matches,658a3134
66,Ben Bender,us USA,MF,Charlotte FC,21-116,2001,12.9,19,9,4,11,4,4,14,28.6,10,221,62,28.1,43,134,44,18,3,0,15,14,33,8,0,Matches,bc307884
67,Sebastian Berhalter,us USA,MF,Vancouver,21-045,2001,8.9,27,20,16,8,3,6,17,35.3,11,237,71,30,114,102,21,12,5,0,7,27,54,15,0,Matches,f33ee427
68,Miguel Berry,es ESP,FW,Columbus Crew,24-288,1997,10.8,5,4,0,3,2,1,4,25,3,156,39,25,8,53,95,10,2,0,8,6,11,11,0,Matches,a5532e80
69,Nick Besler,us USA,MFDF,Real Salt Lake,29-055,1993,0.6,4,4,1,2,1,1,2,50,1,14,6,42.9,7,6,1,2,0,0,2,1,5,6,0,Matches,cc9fa1a8
70,Victor Bezerra,us USA,FW,Chicago Fire,22-146,2000,0.1,0,0,0,0,0,0,0,,0,10,2,20,0,3,7,0,0,0,0,0,0,0,0,Matches,cbfb6ca5
71,David Bingham,us USA,GK,Portland Timbers,32-255,1989,1,0,0,0,0,0,0,0,,0,0,0,,0,0,0,0,0,0,0,0,0,0,0,Matches,7fd42a85
72,Steve Birnbaum,us USA,DF,D.C. United,31-159,1991,15,17,9,10,7,0,3,7,42.9,4,122,39,32,51,64,7,24,12,2,12,29,46,90,1,Matches,26637ac8
73,Tyler Blackett,eng ENG,DF,FC Cincinnati,28-090,1994,11.4,5,3,3,2,0,1,4,25,3,72,13,18.1,38,30,4,21,8,1,13,12,17,42,0,Matches,a68a5466
74,Tristan Blackmon,us USA,DF,Vancouver,25-323,1996,8.9,20,10,16,4,0,2,4,50,2,57,23,40.4,43,12,2,16,6,0,10,26,46,29,0,Matches,7f35d14e
75,Andre Blake,jm JAM,GK,Philadelphia,31-222,1990,17,0,0,0,0,0,0,1,0,1,1,0,0,1,0,0,0,0,0,0,0,0,0,0,Matches,b3b21a11
76,Sebastián Blanco,ar ARG,FWMF,Portland Timbers,34-108,1988,9.4,10,5,5,3,2,3,6,50,3,104,25,24,19,25,60,6,0,0,6,5,15,4,0,Matches,4ddd0834
77,Latif Blessing,gh GHA,MF,Los Angeles FC,25-183,1996,7.8,23,13,8,10,5,7,17,41.2,10,250,79,31.6,64,123,63,13,1,0,12,15,38,2,0,Matches,5153d32e
78,Emmanuel Boateng,gh GHA,FWMF,New England,28-165,1994,5.7,5,2,4,0,1,1,2,50,1,46,13,28.3,11,17,18,5,0,0,5,6,11,3,0,Matches,25f77a5f
79,Blake Bodily,us USA,DFFW,Portland Timbers,24-169,1998,0.2,0,0,0,0,0,0,0,,0,3,1,33.3,0,0,3,0,0,0,0,0,0,0,0,Matches,612a0951
80,Jonathan Bond,eng ENG,GK,LA Galaxy,29-043,1993,16,0,0,0,0,0,0,5,0,5,4,0,0,4,0,0,0,0,0,0,0,0,0,0,Matches,c3a86eea
81,Pablo Bonilla,ve VEN,DF,Portland Timbers,22-211,1999,2.8,6,4,5,1,0,3,5,60,2,36,10,27.8,19,13,4,5,2,0,3,2,8,12,0,Matches,da23cdc3
82,Alex Bono,us USA,GK,Toronto FC,28-067,1994,14,0,0,0,0,0,0,1,0,1,2,0,0,2,0,0,1,0,0,1,0,0,0,2,Matches,aa28a396
83,Jonathan Bornstein,us USA,DFFW,Chicago Fire,37-236,1984,5.7,9,8,4,2,3,2,8,25,6,71,24,33.8,23,33,15,1,0,0,1,11,20,9,0,Matches,79a6c95f
84,Dylan Borrero,co COL,FW,New England,20-177,2002,4,10,6,1,8,1,3,11,27.3,8,63,11,17.5,15,31,17,5,0,0,5,5,15,0,0,Matches,a72d14de
85,Gustavo Bou,ar ARG,FW,New England,32-133,1990,7.4,3,2,0,2,1,1,4,25,3,82,21,25.6,9,27,46,2,0,0,2,6,9,2,0,Matches,3dfcc735
86,Ousseni Bouda,bf BFA,FW,San Jose,22-064,2000,1.2,5,3,0,1,4,3,4,75,1,25,8,32,5,7,13,3,0,0,3,1,6,2,0,Matches,0672f944
87,Michael Boxall,nz NZL,DF,Minnesota Utd,33-317,1988,15,24,15,14,8,2,8,12,66.7,4,148,49,33.1,84,57,7,30,17,2,13,39,63,67,0,Matches,6bfa0d3a
88,Michael Bradley,us USA,MF,Toronto FC,34-335,1987,16.9,28,23,15,10,3,14,39,35.9,25,266,84,31.6,115,120,31,19,6,0,13,30,58,27,0,Matches,fd5e3a73
89,Zachary Brault-Guillard,ca CAN,DF,CF Montréal,23-183,1998,3.7,4,3,3,1,0,2,4,50,2,42,16,38.1,9,20,13,3,2,0,1,5,9,6,0,Matches,948a58c2
90,Claudio Bravo,ar ARG,DF,Portland Timbers,25-110,1997,10.7,61,30,44,12,5,28,48,58.3,20,248,79,31.9,134,77,37,35,12,0,23,39,100,24,0,Matches,5619c5e8
91,Brenner,br BRA,FW,FC Cincinnati,22-166,2000,7.2,17,13,4,6,7,4,9,44.4,5,128,40,31.3,14,52,62,3,0,0,3,1,18,1,0,Matches,279508bf
92,Sebastian Breza,ca CAN,GK,CF Montréal,24-108,1998,17,0,0,0,0,0,0,0,,0,1,1,100,1,0,0,1,0,0,1,0,0,0,1,Matches,52e7f812
93,Emiliano Brienza,ca CAN,FW,Vancouver,20-053,2002,0,0,0,0,0,0,0,0,,0,2,1,50,2,0,0,0,0,0,0,0,0,0,0,Matches,b54cf257
94,Andrew Brody,us USA,DF,Real Salt Lake,27-059,1995,16.3,27,11,14,9,4,9,17,52.9,8,171,49,28.7,55,84,32,32,3,0,29,31,58,37,1,Matches,33e46323
95,Brandt Bronico,us USA,MF,Charlotte FC,27-011,1995,16.7,36,19,17,17,2,14,35,40,21,355,100,28.2,146,183,26,29,9,0,20,31,67,29,0,Matches,bd4460b1
96,Javain Brown,jm JAM,DF,Vancouver,23-114,1999,11.9,26,17,22,1,3,10,17,58.8,7,145,43,29.7,76,49,20,31,12,0,19,29,55,33,0,Matches,3d14c62e
97,Will Bruin,us USA,FW,Seattle,32-250,1989,4.3,1,1,0,1,0,0,1,0,1,63,18,28.6,1,27,35,3,0,0,3,2,3,0,0,Matches,87a6ac29
98,Adam Buksa,pl POL,FW,New England,25-354,1996,9.1,3,1,1,1,1,1,7,14.3,6,134,35,26.1,7,57,70,3,0,0,3,3,6,12,0,Matches,3b676989
99,Teal Bunbury,us USA,FW,Nashville,32-124,1990,1.3,2,2,0,2,0,1,3,33.3,2,33,10,30.3,3,20,10,2,0,0,2,0,2,3,0,Matches,3077fce8
100,Nkosi Burgess,us USA,DF,FC Dallas,25-111,1997,7,11,7,8,1,2,5,5,100,0,48,15,31.3,32,12,4,5,2,0,3,11,22,33,0,Matches,4a07ae31
101,Cory Burke,jm JAM,FW,Philadelphia,30-185,1991,6.9,13,8,3,6,4,3,10,30,7,172,49,28.5,17,73,82,10,3,0,7,2,15,12,0,Matches,39fde61c
102,Handwalla Bwana,so SOM,FW,Nashville,25-006,1997,0.1,0,0,0,0,0,0,0,,0,3,0,0,0,1,2,0,0,0,0,0,0,0,0,Matches,b56080ee
103,Brandon Bye,us USA,DF,New England,26-214,1995,13,21,10,13,4,4,14,29,48.3,15,133,39,29.3,56,43,34,23,11,0,12,19,40,40,0,Matches,9fcd12af
104,Kevin Cabral,fr FRA,FWMF,LA Galaxy,22-356,1999,9.7,20,10,6,9,5,7,16,43.8,9,219,56,25.6,38,97,84,16,1,0,15,6,26,0,0,Matches,42af215b
105,Deiber Caicedo,co COL,FWMF,Vancouver,22-098,2000,10.9,13,8,4,6,3,3,7,42.9,4,213,61,28.6,24,103,86,6,0,0,6,6,19,4,0,Matches,9bfa2f52
106,Scott Caldwell,us USA,MF,Real Salt Lake,31-108,1991,9.9,16,9,6,6,4,7,16,43.8,9,192,63,32.8,69,95,28,10,0,0,10,19,35,6,0,Matches,4a54592d
107,Drake Callender,us USA,GK,Inter Miami,24-267,1997,8,0,0,0,0,0,0,0,,0,1,0,0,1,0,0,0,0,0,0,0,0,0,1,Matches,c4d9567d
108,Alexander Callens,pe PER,DF,NYCFC,30-058,1992,16,26,17,19,5,2,11,13,84.6,2,120,37,30.8,67,43,10,17,10,0,7,41,67,60,1,Matches,af34f10d
109,Francisco Calvo,cr CRC,DF,San Jose,29-358,1992,13,30,22,15,14,1,12,21,57.1,9,119,54,45.4,59,56,4,12,6,0,6,50,80,33,0,Matches,706bd23f
110,Rudy Camacho,fr FRA,DF,CF Montréal,31-118,1991,15,16,10,13,3,0,4,10,40,6,126,44,34.9,70,50,6,11,5,0,6,42,58,54,0,Matches,6ad16d47
111,Geoff Cameron,us USA,DF,FC Cincinnati,36-355,1985,9.7,17,13,10,7,0,8,16,50,8,81,38,46.9,46,30,5,18,9,0,9,28,45,55,0,Matches,1a160ea3
112,Leonardo Campana,ec ECU,FW,Inter Miami,21-342,2000,11.9,9,6,1,4,4,2,5,40,3,213,53,24.9,12,110,91,9,4,0,5,5,14,17,0,Matches,bf9c0749
113,George Campbell,us USA,DF,Atlanta Utd,21-009,2001,10.9,19,12,14,3,2,10,16,62.5,6,101,31,30.7,52,45,4,25,11,0,14,38,57,32,2,Matches,45e1a597
114,Russell Canouse,us USA,MF,D.C. United,27-020,1995,9.5,22,15,5,17,0,8,21,38.1,13,236,69,29.2,63,130,43,17,4,0,13,13,35,10,0,Matches,ec730d9a
115,Nathan Cardoso,br BRA,DF,San Jose,27-049,1995,8.2,26,15,16,10,0,10,21,47.6,11,95,37,38.9,51,42,2,11,4,0,7,33,59,36,0,Matches,d4438745
116,Antonio Carlos,br BRA,DF,Orlando City,29-116,1993,5.7,8,5,8,0,0,4,6,66.7,2,40,14,35,20,17,3,9,4,0,5,16,24,39,0,Matches,949fe1e8
117,Julián Carranza,ar ARG,FW,Philadelphia,22-040,2000,11.2,29,14,4,14,11,8,20,40,12,309,83,26.9,28,145,136,11,2,0,9,7,36,15,0,Matches,3e9ae1db
118,Adalberto Carrasquilla,pa PAN,MF,Houston Dynamo,23-215,1998,11.6,16,14,11,4,1,2,12,16.7,10,169,43,25.4,73,66,30,10,2,0,8,25,41,18,1,Matches,f087912d
119,Javier Casas,us USA,MF,Chicago Fire,19-048,2003,0.2,1,0,1,0,0,1,3,33.3,2,8,2,25,1,5,2,0,0,0,0,1,2,0,0,Matches,2ed8d81b
120,Julio Cascante,cr CRC,DF,Austin FC,28-271,1993,16,19,15,14,3,2,8,13,61.5,5,98,41,41.8,52,40,6,28,18,0,10,28,47,62,3,Matches,cc120b4f
121,Cristian Cásseres Jr.,ve VEN,MFFW,NY Red Bulls,22-162,2000,12.1,46,32,8,31,7,10,31,32.3,21,311,104,33.4,63,172,76,15,1,0,14,26,72,13,0,Matches,f86fe8c1
122,Valentín Castellanos,ar ARG,FW,NYCFC,23-271,1998,12.6,13,9,1,3,9,2,9,22.2,7,221,64,29,15,76,130,11,1,0,10,7,20,15,0,Matches,da76bab4
123,Lucas Cavallini,ca CAN,FW,Vancouver,29-185,1992,10.7,15,10,5,6,4,1,10,10,9,176,37,21,16,80,80,8,1,0,7,3,18,10,0,Matches,dd8de641
124,Roman Celentano,us USA,GK,FC Cincinnati,21-290,2000,10,0,0,0,0,0,0,0,,0,0,0,,0,0,0,0,0,0,0,0,0,1,1,Matches,42ba8628
125,Darwin Cerén,sv SLV,MF,Houston Dynamo,32-182,1989,7.5,22,15,16,4,2,8,15,53.3,7,124,43,34.7,50,57,17,16,5,0,11,22,44,9,0,Matches,a58de3f0
126,Edwin Cerrillo,us USA,MF,FC Dallas,21-271,2000,8.7,20,17,11,8,1,10,21,47.6,11,129,32,24.8,42,67,20,8,1,0,7,10,30,10,0,Matches,bd060315
127,Maikel Chang,cu CUB,MFFW,Real Salt Lake,31-074,1991,11,25,16,7,7,11,14,25,56,11,201,67,33.3,38,88,75,16,1,0,15,12,37,11,0,Matches,04cc9edd
128,Maxime Chanot,lu LUX,DF,NYCFC,32-222,1989,3.7,4,2,2,2,0,2,4,50,2,37,11,29.7,23,11,3,7,3,0,4,7,11,27,0,Matches,ca366055
129,Diego Chará,co COL,MF,Portland Timbers,36-087,1986,14.1,36,22,22,13,1,12,30,40,18,315,99,31.4,146,144,25,33,9,0,24,28,64,22,1,Matches,6260cc9d
130,Yimmi Chará,co COL,MFFW,Portland Timbers,31-090,1991,17.3,31,24,18,9,4,6,17,35.3,11,277,86,31,74,113,90,15,1,0,14,30,61,2,1,Matches,9df9baab
131,Mathieu Choiniere,ca CAN,DFMF,CF Montréal,23-144,1999,6.6,14,10,5,7,2,4,10,40,6,129,36,27.9,44,57,28,5,1,0,4,8,22,1,0,Matches,017459bb
132,Léo Chú,br BRA,FWMF,Seattle,22-086,2000,5.2,15,10,8,4,3,3,8,37.5,5,100,31,31,25,38,37,5,0,0,5,6,21,0,0,Matches,d88ebbe9
133,Kadin Chung,ca CAN,DF,Toronto FC,23-299,1998,5,15,5,7,6,2,5,9,55.6,4,54,12,22.2,31,19,4,4,1,0,3,13,28,10,0,Matches,d616ce40
134,José Cifuentes,ec ECU,MF,Los Angeles FC,23-111,1999,13,32,27,9,14,9,20,51,39.2,31,355,96,27,85,157,113,12,1,0,11,16,48,11,0,Matches,8c8c07a7
135,Ronaldo Cisneros,mx MEX,FW,Atlanta Utd,25-174,1997,9.2,3,1,2,0,1,2,4,50,2,91,25,27.5,11,18,62,5,1,0,4,5,8,3,0,Matches,e526c193
136,Abdoulaye Cissoko,fr FRA,DF,Seattle,22-186,1999,3.1,7,4,6,1,0,2,4,50,2,37,12,32.4,25,12,0,6,4,0,2,6,13,14,0,Matches,52a6ef30
137,Caden Clark,us USA,MFFW,NY Red Bulls,19-035,2003,1.6,3,1,2,0,1,1,4,25,3,65,11,16.9,16,31,18,0,0,0,0,2,5,0,0,Matches,6e327d0d
138,Steve Clark,us USA,GK,Houston Dynamo,36-078,1986,16,0,0,0,0,0,0,0,,0,2,1,50,2,0,0,0,0,0,0,0,0,0,0,Matches,ed6320b7
139,Stefan Cleveland,us USA,GK,Seattle,28-037,1994,3,0,0,0,0,0,0,0,,0,0,0,,0,0,0,0,0,0,0,0,0,0,0,Matches,873fdbdf
140,Jackson Conway,us USA,FWMF,Atlanta Utd,20-210,2001,0.4,1,1,0,1,0,0,0,,0,9,4,44.4,0,3,6,0,0,0,0,0,1,0,0,Matches,1cfa6e1a
141,Gabriele Corbo,it ITA,DF,CF Montréal,22-171,2000,3.8,8,2,3,4,1,5,8,62.5,3,46,15,32.6,16,25,5,11,6,0,5,8,16,11,0,Matches,091795f2
142,Sergio Córdova,ve VEN,FW,Real Salt Lake,24-326,1997,12.2,11,8,2,3,6,2,15,13.3,13,242,61,25.2,18,123,101,22,0,0,22,0,11,9,0,Matches,229cd98a
143,Carlos Coronel,br BRA,GK,NY Red Bulls,25-184,1996,17,0,0,0,0,0,0,2,0,2,1,0,0,1,0,0,0,0,0,0,0,0,1,2,Matches,5c07e176
144,Guzmán Corujo,uy URU,DF,Charlotte FC,25-333,1996,18,37,22,29,7,1,19,35,54.3,16,205,59,28.8,124,73,8,22,11,0,11,36,73,85,1,Matches,5c6051ad
145,Douglas Costa,br BRA,MFFW,LA Galaxy,31-290,1990,8.4,4,1,2,1,1,1,4,25,3,115,32,27.8,25,48,42,2,1,0,1,1,5,5,0,Matches,4fa7cb9b
146,Séga Coulibaly,fr FRA,DF,LA Galaxy,26-022,1996,9.8,16,11,14,2,0,5,8,62.5,3,83,28,33.7,44,35,4,8,5,0,3,15,31,39,0,Matches,dab9537e
147,Cade Cowell,us USA,FWMF,San Jose,18-260,2003,9.9,12,7,5,4,3,3,10,30,7,125,29,23.2,22,52,51,12,0,0,12,7,19,0,0,Matches,f8e95f87
148,Maxime Crépeau,ca CAN,GK,Los Angeles FC,28-051,1994,16,0,0,0,0,0,0,0,,0,1,1,100,1,0,0,0,0,0,0,0,0,0,1,Matches,ea42e480
149,Daniel Crisostomo,us USA,MF,Los Angeles FC,25-166,1997,0.3,0,0,0,0,0,0,0,,0,9,1,11.1,5,4,0,0,0,0,0,1,1,1,0,Matches,33fdd2aa
150,Cody Cropper,us USA,GK,Vancouver,29-135,1993,7.2,0,0,0,0,0,0,1,0,1,1,0,0,1,0,0,0,0,0,0,0,0,0,0,Matches,aa133046
151,Allan Cruz,cr CRC,MF,FC Cincinnati,26-127,1996,1.6,4,3,0,3,1,2,3,66.7,1,36,7,19.4,10,20,6,2,1,0,1,7,11,1,0,Matches,030105a5
152,Adrián Cubas,py PAR,MF,Vancouver,26-040,1996,2,6,5,5,1,0,2,4,50,2,57,22,38.6,27,26,4,1,0,0,1,7,13,0,0,Matches,9b40a6ea
153,Rafael Czichos,de GER,DF,Chicago Fire,32-048,1990,11.9,28,18,19,8,1,13,22,59.1,9,112,48,42.9,63,48,1,17,8,1,9,30,58,66,0,Matches,b0a0698b
154,Cristián Dajome,co COL,DFMF,Vancouver,28-179,1994,12.2,23,18,12,4,7,7,19,36.8,12,209,52,24.9,69,82,58,20,6,0,14,16,39,19,0,Matches,a065e877
155,Abu Danladi,gh GHA,FWMF,Minnesota Utd,26-256,1995,4.6,11,9,4,5,2,3,13,23.1,10,159,37,23.3,40,73,46,4,0,0,4,8,19,3,0,Matches,507383d1
156,Bode Davis,us USA,MF,Real Salt Lake,20-129,2002,0.3,2,1,1,1,0,1,1,100,0,11,1,9.1,4,6,1,0,0,0,0,0,2,0,0,Matches,891f8b82
157,Jake Davis,us USA,MF,Sporting KC,20-179,2002,0.2,,0,,,,,,,,,,,,,,,,,,0,,,,Matches,79d3a503
158,Sean Davis,us USA,MF,Nashville,29-143,1993,16,42,33,19,20,3,19,44,43.2,25,305,93,30.5,123,141,41,34,8,0,26,41,83,15,1,Matches,cb75cac9
159,Miloš Degenek,au AUS,DF,Columbus Crew,28-064,1994,11.6,16,7,9,5,2,4,8,50,4,75,25,33.3,42,31,2,14,4,0,10,29,45,45,1,Matches,c8e65157
160,Alex DeJohn,us USA,DF,Atlanta Utd,31-052,1991,4.6,9,4,8,1,0,5,9,55.6,4,47,15,31.9,25,19,3,10,5,0,5,11,20,22,0,Matches,2a6c024c
161,A.J. DeLaGarza,gu GUM,DF,New England,34-239,1987,2.7,5,5,2,0,3,2,3,66.7,1,34,14,41.2,14,13,7,6,1,0,5,2,7,11,0,Matches,171b3c37
162,Marky Delgado,us USA,MF,LA Galaxy,27-046,1995,14.3,23,16,10,10,3,12,36,33.3,24,237,76,32.1,84,117,36,29,4,0,25,45,68,9,1,Matches,7f6a25b7
163,Nick DePuy,us USA,DF,LA Galaxy,27-229,1994,10.1,10,7,8,2,0,2,6,33.3,4,72,22,30.6,47,24,1,18,8,0,10,14,24,53,0,Matches,ba7b4e67
164,Silvester van der Water,nl NED,FWMF,Orlando City,25-274,1996,0.5,0,0,0,0,0,0,2,0,2,14,3,21.4,6,7,1,2,0,0,2,0,0,0,0,Matches,5d83500d
165,Joey DeZart,us USA,DF,Orlando City,24-022,1998,0,0,0,0,0,0,0,0,,0,2,1,50,0,2,0,0,0,0,0,0,0,0,0,Matches,9d7142a6
166,Luis Díaz,cr CRC,FWMF,Columbus Crew,23-207,1998,3.4,5,4,2,3,0,3,3,100,0,35,11,31.4,8,14,13,2,0,0,2,6,11,1,0,Matches,1c9838aa
167,Bakaye Dibassy,ml MLI,DF,Minnesota Utd,32-324,1989,16,23,14,16,6,1,9,13,69.2,4,150,49,32.7,81,56,13,37,15,0,22,49,72,68,0,Matches,247accfd
168,Clément Diop,sn SEN,GK,Inter Miami,28-262,1993,3,0,0,0,0,0,0,0,,0,0,0,,0,0,0,0,0,0,0,0,0,0,0,Matches,0d5c0218
169,Sofiane Djeffal,fr FRA,MF,D.C. United,23-083,1999,9.3,20,14,7,8,5,4,18,22.2,14,267,79,29.6,81,148,38,16,0,0,16,24,44,17,0,Matches,29d85f83
170,Moussa Djitte,sn SEN,FW,Austin FC,22-270,1999,2.3,5,3,1,1,3,1,3,33.3,2,53,18,34,5,14,34,0,0,0,0,0,5,2,0,Matches,627b570a
171,Ethan Dobbelaere,us USA,DF,Seattle,19-229,2002,1,3,2,3,0,0,2,3,66.7,1,16,4,25,8,7,1,0,0,0,0,0,3,0,0,Matches,1e772b7c
172,Cecilio Domínguez,py PAR,FWMF,Austin FC,27-324,1994,3.1,6,1,1,2,3,0,2,0,2,39,13,33.3,8,15,16,1,0,0,1,4,10,2,0,Matches,3162d667
173,Christopher Donovan,us USA,MFFW,Philadelphia,21-327,2000,0.3,1,1,1,0,0,1,1,100,0,11,1,9.1,3,4,4,0,0,0,0,0,1,2,0,Matches,8f995d10
174,Griffin Dorsey,us USA,DF,Houston Dynamo,23-118,1999,7.7,14,9,8,4,2,6,13,46.2,7,99,23,23.2,48,31,20,12,2,1,10,20,34,23,0,Matches,c182ca04
175,Hassani Dotson,us USA,DFMF,Minnesota Utd,24-329,1997,7,21,16,12,9,0,9,12,75,3,158,52,32.9,66,72,20,11,2,0,9,15,36,11,0,Matches,8f2af1ed
176,Sebastián Driussi,ar ARG,MFFW,Austin FC,26-142,1996,16.7,26,16,5,13,8,6,19,31.6,13,388,91,23.5,53,184,151,18,3,0,15,9,35,20,0,Matches,60e86875
177,Bryce Duke,us USA,MF,Inter Miami,21-123,2001,7.4,12,9,5,4,3,6,10,60,4,146,33,22.6,40,78,28,7,2,0,5,10,22,3,0,Matches,59557625
178,Cameron Duke,us USA,MFDF,Sporting KC,21-138,2001,10,21,10,7,9,5,8,26,30.8,18,247,60,24.3,53,128,66,19,1,0,18,22,43,9,1,Matches,c679d9fd
179,Jhon Durán,co COL,FW,Chicago Fire,18-200,2003,3.7,6,3,1,1,4,0,1,0,1,78,18,23.1,11,26,41,6,2,0,4,3,9,4,0,Matches,414184f7
180,Chris Durkin,us USA,MF,D.C. United,22-143,2000,7.9,16,9,4,9,3,5,14,35.7,9,184,48,26.1,54,107,23,12,3,0,9,18,34,7,0,Matches,0ffd4373
181,Dom Dwyer,us USA,FWMF,Atlanta Utd,31-336,1990,2.6,1,0,0,0,1,0,1,0,1,35,6,17.1,3,13,19,2,1,0,1,1,2,2,0,Matches,bdfc15f8
182,Jeremy Ebobisse,us USA,FW,San Jose,25-137,1997,15,3,3,0,2,1,0,4,0,4,184,59,32.1,4,84,96,11,5,0,6,1,4,4,0,Matches,5fa7b2ec
183,Daniel Edelman,us USA,MF,NY Red Bulls,19-064,2003,0.4,1,1,0,0,1,0,1,0,1,16,6,37.5,6,7,3,0,0,0,0,2,3,4,0,Matches,a8de0bd5
184,Javier Eduardo López,mx MEX,MFFW,San Jose,27-287,1994,2.6,4,3,1,2,1,1,2,50,1,35,19,54.3,3,18,14,3,0,0,3,1,5,0,0,Matches,f851b52f
185,Earl Edwards Jr.,us USA,GK,New England,30-158,1992,4,0,0,0,0,0,0,1,0,1,0,0,,0,0,0,0,0,0,0,0,0,0,0,Matches,10f6f942
186,Raheem Edwards,ca CAN,DF,LA Galaxy,26-351,1995,14.3,48,33,29,15,4,16,43,37.2,27,248,77,31,108,86,54,29,2,0,27,32,80,23,0,Matches,b828d56a
187,Tom Edwards,eng ENG,DF,NY Red Bulls,23-160,1999,15.7,25,16,14,8,3,14,27,51.9,13,154,56,36.4,69,69,16,20,8,0,12,29,54,57,0,Matches,1b780599
188,Jack Elliott,eng ENG,DF,Philadelphia,26-310,1995,16.9,37,24,23,13,1,10,24,41.7,14,191,65,34,103,77,11,36,17,0,19,27,64,104,0,Matches,041deebd
189,Kalil ElMedkhar,us USA,FWMF,FC Dallas,22-317,1999,0.1,0,0,0,0,0,0,0,,0,6,3,50,1,1,4,0,0,0,0,0,0,0,0,Matches,272c1aaf
190,Franco Escobar,ar ARG,DF,Los Angeles FC,27-130,1995,4.2,13,4,7,5,1,8,14,57.1,6,53,16,30.2,27,22,4,7,0,0,7,9,22,4,0,Matches,54f33d0e
191,Cristian Espinoza,ar ARG,FWMF,San Jose,27-089,1995,15.1,11,6,6,2,3,3,19,15.8,16,207,53,25.6,40,83,84,13,0,0,13,15,26,3,0,Matches,9c794a80
192,Jhon Espinoza,ec ECU,DFFW,Chicago Fire,23-127,1999,3.2,8,5,3,3,2,3,5,60,2,39,11,28.2,12,16,11,5,0,0,5,3,11,6,0,Matches,79666d5a
193,Roger Espinoza,hn HON,MF,Sporting KC,35-249,1986,12.8,29,19,3,22,4,10,19,52.6,9,226,60,26.5,48,134,44,11,1,0,10,26,55,12,0,Matches,60b7c195
194,Lucas Esteves,br BRA,DF,Colorado Rapids,22-007,2000,10.3,18,10,15,1,2,10,20,50,10,116,29,25,39,58,19,15,1,0,14,20,38,13,0,Matches,c6ec0258
195,Michael Estrada,ec ECU,FW,D.C. United,26-085,1996,6.3,3,2,1,2,0,1,4,25,3,97,33,34,6,45,46,3,1,0,2,2,5,3,0,Matches,773f5f12
196,Derrick Etienne,ht HAI,FWDF,Columbus Crew,25-218,1996,11.8,11,7,7,3,1,2,8,25,6,142,33,23.2,41,49,52,9,1,0,8,14,25,4,0,Matches,59059f1e
197,Diego Fagúndez,uy URU,FWMF,Austin FC,27-137,1995,14.9,20,13,9,5,6,6,12,50,6,178,48,27,55,68,55,16,1,0,15,10,30,3,0,Matches,fe81682e
198,Mamadou Fall,sn SEN,DF,Los Angeles FC,19-222,2002,12.1,19,9,12,6,1,8,20,40,12,100,27,27,47,46,7,21,10,0,11,37,56,41,0,Matches,805a2a11
199,Marco Farfan,us USA,DF,FC Dallas,23-231,1998,16.5,37,15,21,12,4,17,29,58.6,12,199,63,31.7,94,78,27,32,7,0,25,29,66,37,0,Matches,cfc68595
200,Andrew Farrell,us USA,DF,New England,30-090,1992,15.7,28,18,24,4,0,20,26,76.9,6,121,45,37.2,79,38,4,25,14,0,11,29,57,62,1,Matches,71eda165
201,Mohamed Farsi,ca CAN,FWMF,Columbus Crew,22-197,1999,0.3,0,0,0,0,0,0,0,,0,2,0,0,0,2,0,0,0,0,0,0,0,1,0,Matches,81039302
202,Felipe,br BRA,MFFW,Austin FC,31-274,1990,3.6,2,2,1,1,0,1,9,11.1,8,55,11,20,19,31,5,4,1,0,3,3,5,6,0,Matches,2415bd0a
203,Thiago Fernandes,br BRA,FWMF,Houston Dynamo,21-110,2001,0.2,0,0,0,0,0,0,1,0,1,9,1,11.1,1,6,2,0,0,0,0,0,0,0,0,Matches,e3550df1
204,Omir Fernandez,us USA,MFFW,NY Red Bulls,23-143,1999,11.9,24,16,3,15,6,6,14,42.9,8,273,87,31.9,23,121,129,20,0,0,20,12,36,1,0,Matches,622986f0
205,Jesus Ferreira,us USA,FWMF,FC Dallas,21-189,2000,15.3,17,9,6,6,5,1,7,14.3,6,328,76,23.2,35,131,162,10,1,0,9,16,33,10,0,Matches,f61246d8
206,Sebastián Ferreira,py PAR,FW,Houston Dynamo,24-138,1998,13.2,9,7,1,6,2,3,12,25,9,197,43,21.8,18,80,99,10,0,0,10,10,19,6,0,Matches,5439dba0
207,Stuart Findlay,sct SCO,DF,Philadelphia,26-290,1995,1,0,0,0,0,0,0,1,0,1,7,2,28.6,2,5,0,2,0,0,2,4,4,1,0,Matches,edffe99a
208,Ethan Finlay,us USA,FW,Austin FC,31-329,1990,7.8,14,4,3,6,5,2,10,20,8,140,33,23.6,40,51,49,7,1,0,6,6,20,2,0,Matches,c16a59af
209,Oniel Fisher,jm JAM,DF,Minnesota Utd,30-221,1991,6.2,10,3,3,4,3,4,5,80,1,83,26,31.3,39,28,16,16,3,0,13,16,26,12,1,Matches,ed5fdca6
210,Leon Flach,us USA,MF,Philadelphia,21-123,2001,15.4,46,28,20,23,3,10,27,37,17,412,118,28.6,111,226,75,26,4,0,22,29,75,10,0,Matches,39859fa1
211,Ashley Fletcher,eng ENG,FW,NY Red Bulls,26-272,1995,2.8,1,1,0,0,1,0,3,0,3,67,16,23.9,5,25,37,5,2,0,3,3,4,1,0,Matches,eeb6551f
212,Edison Flores,pe PER,MFFW,D.C. United,28-048,1994,9.2,13,9,2,6,5,2,8,25,6,204,59,28.9,31,90,83,9,0,0,9,5,18,4,0,Matches,ef2c82f8
213,George Fochive,us USA,MF,Portland Timbers,30-099,1992,0.3,3,1,3,0,0,2,2,100,0,15,4,26.7,11,3,1,2,1,0,1,0,3,1,0,Matches,f99000bb
214,Nathan Fogaça,br BRA,FW,Portland Timbers,23-022,1999,4.2,0,0,0,0,0,0,2,0,2,76,13,17.1,9,29,38,4,0,0,4,2,2,3,0,Matches,aad135a3
215,Andreu Fontàs,es ESP,DF,Sporting KC,32-229,1989,12.1,19,14,12,7,0,5,14,35.7,9,104,41,39.4,54,43,7,21,10,0,11,21,40,68,0,Matches,0f138d5a
216,Kortne Ford,us USA,DF,Sporting KC,26-156,1996,8.8,16,6,10,5,1,6,9,66.7,3,70,27,38.6,40,28,2,13,7,0,6,20,36,25,0,Matches,552a7707
217,Taxiarchis Fountas,gr GRE,FWMF,D.C. United,26-300,1995,7.2,6,1,2,2,2,3,5,60,2,133,40,30.1,12,51,70,7,0,0,7,7,13,0,0,Matches,2ce71308
218,Franco Fragapane,ar ARG,FWMF,Minnesota Utd,29-145,1993,10.5,13,8,8,3,2,7,17,41.2,10,134,39,29.1,36,56,42,6,1,0,5,16,29,6,1,Matches,09538c47
219,Alan Franco,ar ARG,DF,Atlanta Utd,25-263,1996,12.2,23,16,14,8,1,11,21,52.4,10,123,49,39.8,70,47,6,29,14,0,15,37,60,32,1,Matches,a548281c
220,Alan Franco,ec ECU,MF,Charlotte FC,23-314,1998,8.7,14,5,4,8,2,4,12,33.3,8,193,42,21.8,45,96,52,11,3,0,8,8,22,3,0,Matches,c76b161b
221,Kobe Franklin,ca CAN,DF,Toronto FC,19-052,2003,0.2,0,0,0,0,0,0,0,,0,2,0,0,0,0,2,0,0,0,0,1,1,0,0,Matches,407325c4
222,Stefan Frei,ch SUI,GK,Seattle,36-072,1986,13,0,0,0,0,0,0,0,,0,0,0,,0,0,0,0,0,0,0,0,0,0,1,Matches,1d0a0f3e
223,Christian Fuchs,at AUT,DF,Charlotte FC,36-085,1986,12.7,31,16,12,15,4,12,23,52.2,11,154,50,32.5,70,67,17,31,7,0,24,45,76,26,2,Matches,a67a09fb
224,Ruben Gabrielsen,no NOR,DF,Austin FC,30-113,1992,14.9,16,8,11,4,1,6,8,75,2,82,27,32.9,45,32,5,21,13,0,8,27,43,48,1,Matches,9e64fc85
225,Ray Gaddis,us USA,DF,FC Cincinnati,32-169,1990,7.1,14,7,10,4,0,4,11,36.4,7,124,44,35.5,44,42,38,14,2,0,12,9,23,4,0,Matches,8348b24d
226,McKinze Gaines,us USA,MFFW,Charlotte FC,24-121,1998,5.2,5,2,3,1,1,4,7,57.1,3,61,9,14.8,8,26,27,4,0,0,4,2,7,0,0,Matches,8ef72983
227,Jon Gallagher,ie IRL,DF,Austin FC,26-128,1996,8.4,16,9,9,5,2,7,14,50,7,109,27,24.8,55,37,17,14,2,0,12,21,37,13,0,Matches,9d5afdfb
228,Pedro Gallese,pe PER,GK,Orlando City,32-128,1990,16,1,1,1,0,0,0,0,,0,4,2,50,4,0,0,0,0,0,0,0,1,0,0,Matches,b76e1394
229,Christopher Garcia,us USA,MFFW,Real Salt Lake,19-169,2003,0,0,0,0,0,0,0,1,0,1,1,1,100,0,1,0,0,0,0,0,0,0,0,0,Matches,f6390a6b
230,Chase Gasper,us USA,DF,LA Galaxy,26-157,1996,1.9,3,1,1,1,1,2,3,66.7,1,18,3,16.7,9,5,4,1,0,0,1,2,5,4,0,Matches,7371ec36
231,Ryan Gauld,sct SCO,MF,Vancouver,26-197,1995,9.6,17,7,8,5,4,2,19,10.5,17,235,45,19.1,56,121,58,15,2,0,13,13,30,10,0,Matches,862e93c2
232,Dániel Gazdag,hu HUN,MF,Philadelphia,26-121,1996,16.5,27,16,9,14,4,10,25,40,15,313,81,25.9,65,164,84,14,3,0,11,10,37,6,0,Matches,527d0e31
233,Kieran Gibbs,eng ENG,DF,Inter Miami,32-278,1989,2.1,4,3,3,1,0,1,1,100,0,10,3,30,4,3,3,5,1,0,4,9,13,5,0,Matches,46ee5234
234,Carles Gil,es ESP,MF,New England,29-221,1992,16.3,7,7,0,6,1,2,12,16.7,10,246,59,24,56,128,62,10,0,0,10,14,21,2,0,Matches,11c30a46
235,José Antonio Martínez Gil,es ESP,DF,FC Dallas,29-139,1993,13.5,16,11,12,3,1,11,18,61.1,7,79,25,31.6,45,28,6,11,7,1,4,18,34,67,0,Matches,8e049cbd
236,Gastón Giménez,py PAR,MF,Chicago Fire,30-339,1991,14.8,44,27,15,26,3,11,27,40.7,16,232,82,35.3,64,126,42,33,9,1,24,36,80,12,0,Matches,ab66cc31
237,Francisco Ginella,uy URU,MF,Los Angeles FC,23-161,1999,3.9,14,8,6,7,1,1,12,8.3,11,95,22,23.2,26,53,16,4,0,0,4,4,18,4,2,Matches,5a28a782
238,Justen Glad,us USA,DF,Real Salt Lake,25-123,1997,12.7,14,11,5,8,1,3,8,37.5,5,83,28,33.7,39,34,10,15,9,0,6,21,35,70,1,Matches,5b768b0f
239,Jakob Glesnes,no NOR,DF,Philadelphia,28-098,1994,17,22,9,20,2,0,6,18,33.3,12,113,34,30.1,68,41,4,30,18,0,12,34,56,84,1,Matches,ac65aef3
240,Chris Gloster,us USA,DF,NYCFC,21-338,2000,5.3,3,3,1,2,0,2,9,22.2,7,60,21,35,25,26,9,7,0,0,7,10,13,4,0,Matches,01cd3c12
241,Marcus Godinho,ca CAN,DF,Vancouver,25-003,1997,6.1,7,5,7,0,0,6,10,60,4,93,23,24.7,42,37,14,12,1,0,11,15,22,11,2,Matches,27854bf6
242,Aníbal Godoy,pa PAN,MF,Nashville,32-141,1990,7.5,14,11,8,5,1,2,9,22.2,7,140,47,33.6,64,52,24,14,4,0,10,8,22,4,0,Matches,2d496ca3
243,Erik Godoy,ar ARG,DF,Vancouver,28-319,1993,4.3,7,5,4,3,0,3,6,50,3,31,14,45.2,20,9,2,5,3,0,2,13,20,21,0,Matches,e8b80334
244,Eulânio Ângelo Chipela Gomes,gw GNB,DF,FC Dallas,28-045,1994,6.7,11,8,4,5,2,5,8,62.5,3,80,28,35,37,29,14,14,1,0,13,8,19,11,0,Matches,d9b9b71a
245,Yeimar Gómez Andrade,co COL,DF,Seattle,30-001,1992,7.9,18,10,15,3,0,8,13,61.5,5,80,29,36.3,59,21,0,17,9,0,8,42,60,35,1,Matches,e43c8d72
246,Omar Gonzalez,us USA,DF,New England,33-263,1988,7,6,4,3,3,0,2,4,50,2,75,20,26.7,43,30,2,14,5,0,9,17,23,33,0,Matches,0d2fe665
247,Samuel Grandsir,fr FRA,FWMF,LA Galaxy,25-321,1996,8.3,10,6,3,5,2,4,10,40,6,132,35,26.5,37,52,43,6,1,0,5,3,13,2,0,Matches,d2448564
248,Tayvon Gray,us USA,DF,NYCFC,19-316,2002,8.3,20,13,14,4,2,7,9,77.8,2,100,33,33,58,30,12,18,1,0,17,11,31,15,0,Matches,c839e1b2
249,Gregore,br BRA,MF,Inter Miami,28-121,1994,14,61,44,34,23,4,22,51,43.1,29,360,120,33.3,160,183,17,24,7,0,17,30,91,42,0,Matches,49815f34
250,Ján Greguš,sk SVK,MF,San Jose,31-153,1991,12.5,20,14,12,6,2,4,9,44.4,5,161,55,34.2,42,101,18,9,3,0,6,11,31,21,2,Matches,7d974435
251,Julian Gressel,de GER,DF,D.C. United,28-197,1993,13.3,18,9,10,4,4,10,30,33.3,20,163,57,35,51,66,46,21,2,0,19,25,43,16,1,Matches,acd47bc0
252,Sami Guediri,us USA,DF,D.C. United,24-317,1997,0.5,4,2,3,1,0,2,2,100,0,11,5,45.5,7,4,0,2,0,0,2,2,6,1,0,Matches,e3dc71a7
253,Brian Gutiérrez,us USA,FWMF,Chicago Fire,19-014,2003,7.7,9,7,4,3,2,2,8,25,6,132,41,31.1,35,63,34,12,2,0,10,6,15,8,0,Matches,d88f31db
254,Cristián Gutiérrez,cl CHI,DF,Vancouver,25-133,1997,6.8,13,4,8,2,3,7,15,46.7,8,113,23,20.4,54,42,17,13,3,0,10,18,31,18,0,Matches,6e56a4f2
255,Diego Gutierrez,us USA,FW,Portland Timbers,23-177,1999,0,0,0,0,0,0,0,0,,0,0,0,,0,0,0,0,0,0,0,0,0,0,0,Matches,4903a306
256,Andrew Gutman,us USA,DF,Atlanta Utd,25-272,1996,11.1,33,20,23,10,0,11,23,47.8,12,163,46,28.2,71,59,33,24,4,0,20,21,54,14,0,Matches,b7a23251
257,Brad Guzan,us USA,GK,Atlanta Utd,37-295,1984,6.8,0,0,0,0,0,0,0,,0,0,0,,0,0,0,0,0,0,0,0,0,0,0,Matches,d899e3bf
258,Justin Haak,us USA,MF,NYCFC,20-292,2001,0.7,3,3,2,1,0,1,2,50,1,20,7,35,7,12,1,1,0,0,1,2,5,3,0,Matches,c644e140
259,Luke Haakenson,us USA,MF,Nashville,24-294,1997,3.6,6,6,5,1,0,1,3,33.3,2,77,27,35.1,15,37,25,3,2,0,1,0,6,3,0,Matches,77d28e45
260,Teenage Hadebe,zw ZIM,DF,Houston Dynamo,26-287,1995,11.8,18,7,10,8,0,2,6,33.3,4,80,19,23.8,45,34,1,22,14,0,8,30,48,91,0,Matches,582952f2
261,Nick Hagglund,us USA,DF,FC Cincinnati,29-290,1992,14.3,24,14,15,8,1,6,12,50,6,154,49,31.8,81,65,8,21,7,0,14,36,60,65,0,Matches,39632554
262,Marlon Hairston,us USA,DF,Columbus Crew,28-100,1994,0.8,1,1,1,0,0,1,1,100,0,7,1,14.3,4,1,2,2,0,0,2,1,2,3,0,Matches,1d531c57
263,Siad Haji,so SOM,DFFW,San Jose,22-212,1999,0.2,0,0,0,0,0,0,0,,0,4,2,50,0,0,4,1,0,0,1,0,0,0,0,Matches,9212f1cb
264,Michael Halliday,us USA,MFDF,Orlando City,19-160,2003,0,1,1,0,0,1,1,1,100,0,3,1,33.3,0,1,2,0,0,0,0,0,1,0,0,Matches,6ad5f50e
265,Ahmed Hamdi,eg EGY,MFFW,CF Montréal,24-141,1998,3.6,4,3,1,2,1,2,8,25,6,67,18,26.9,17,37,13,4,0,0,4,0,4,2,0,Matches,fc7c8d3d
266,Bill Hamid,us USA,GK,D.C. United,31-218,1990,9.5,0,0,0,0,0,0,0,,0,0,0,,0,0,0,0,0,0,0,0,0,0,1,Matches,012fc030
267,Niko Hansen,dk DEN,FW,Minnesota Utd,27-290,1994,0.3,0,0,0,0,0,0,0,,0,4,1,25,2,0,2,0,0,0,0,0,0,1,0,Matches,9bebd450
268,Cameron Harper,us USA,DFFW,NY Red Bulls,20-224,2001,3.1,3,1,0,1,2,3,7,42.9,4,69,12,17.4,18,25,26,6,0,0,6,3,6,4,0,Matches,4a78c769
269,Nathan Harriel,us USA,DF,Philadelphia,21-069,2001,14.7,58,26,38,16,4,21,39,53.8,18,288,82,28.5,140,125,23,34,5,1,29,45,103,58,1,Matches,b3edbeff
270,Calvin Harris,eng ENG,FW,FC Cincinnati,22-103,2000,1.8,4,1,3,1,0,2,5,40,3,51,15,29.4,17,23,11,1,0,0,1,0,4,1,0,Matches,07b0aeef
271,Thomas Hasal,ca CAN,GK,Vancouver,22-357,1999,8.8,0,0,0,0,0,0,0,,0,0,0,,0,0,0,0,0,0,0,0,0,0,0,Matches,86bac87b
272,Jacori Hayes,us USA,MFFW,Minnesota Utd,27-002,1995,0.3,4,3,1,3,0,1,2,50,1,17,8,47.1,7,10,0,0,0,0,0,0,4,0,0,Matches,d2173b7b
273,Héber,br BRA,FW,NYCFC,30-325,1991,4.2,4,1,1,3,0,1,3,33.3,2,72,23,31.9,7,29,36,8,1,0,7,2,6,6,0,Matches,d552c4a1
274,Matt Hedges,us USA,DF,FC Dallas,32-091,1990,13.4,19,9,15,4,0,7,12,58.3,5,70,30,42.9,48,19,3,25,15,2,10,21,40,59,0,Matches,5e2a4d0e
275,Chris Hegardt,us USA,FWMF,Charlotte FC,20-176,2002,0.2,1,0,0,1,0,0,1,0,1,2,1,50,0,1,1,0,0,0,0,0,1,0,0,Matches,99a6142d
276,Doneil Henry,ca CAN,DF,Los Angeles FC,29-072,1993,1.5,1,0,1,0,0,0,1,0,1,15,3,20,5,9,1,2,2,0,0,2,3,5,0,Matches,22636117
277,Fabian Herbers,de GER,FWMF,Chicago Fire,28-318,1993,6.7,20,11,6,8,6,3,13,23.1,10,101,28,27.7,24,42,35,14,1,0,13,4,24,5,0,Matches,5cbf5ccd
278,Felipe Hernandez,us USA,MF,Sporting KC,24-023,1998,11.8,18,10,1,11,6,4,11,36.4,7,223,48,21.5,34,126,63,18,3,0,15,22,40,9,0,Matches,31a4d0b8
279,Javier Hernández,mx MEX,FW,LA Galaxy,34-030,1988,14.5,7,5,0,4,3,2,6,33.3,4,127,37,29.1,3,43,81,6,1,0,5,9,16,8,0,Matches,189cee7b
280,Ronald Hernández,ve VEN,DF,Atlanta Utd,24-283,1997,4.1,7,5,6,1,0,5,8,62.5,3,38,15,39.5,24,9,5,8,1,0,7,15,22,3,0,Matches,de907bab
281,Aaron Herrera,us USA,DF,Real Salt Lake,25-025,1997,9.5,15,11,8,6,1,7,11,63.6,4,79,17,21.5,41,29,9,21,6,0,15,28,43,31,0,Matches,d86e3070
282,Gonzalo Higuaín,ar ARG,FW,Inter Miami,34-203,1987,5.9,3,3,0,2,1,0,3,0,3,56,16,28.6,1,27,28,3,0,0,3,0,3,4,0,Matches,8a08491a
283,Brendan Hines-Ike,us USA,DF,D.C. United,27-213,1994,13.6,26,19,17,9,0,13,26,50,13,141,55,39,72,59,10,21,9,0,12,24,50,51,0,Matches,b807c1dc
284,Bongokuhle Hlongwane,za RSA,FWMF,Minnesota Utd,22-011,2000,7.2,17,10,7,8,2,6,13,46.2,7,175,48,27.4,56,74,45,18,0,0,18,12,29,5,1,Matches,de9952b5
285,Danny Hoesen,nl NED,FW,Austin FC,31-167,1991,1.5,2,2,0,0,2,1,3,33.3,2,28,8,28.6,3,10,15,4,0,0,4,0,2,3,0,Matches,5ef1939b
286,Ryan Hollingshead,us USA,DF,Los Angeles FC,31-076,1991,10.2,18,13,14,2,2,7,21,33.3,14,151,47,31.1,74,52,25,16,4,0,12,23,41,23,0,Matches,28b58797
287,Erik Holt,us USA,DF,Real Salt Lake,25-298,1996,4.4,7,5,6,1,0,1,3,33.3,2,38,16,42.1,22,13,3,6,3,0,3,9,16,27,0,Matches,3677d047
288,Jackson Hopkins,us USA,MFFW,D.C. United,18-000,2004,1.9,1,0,0,0,1,1,6,16.7,5,36,10,27.8,9,19,8,0,0,0,0,0,1,0,0,Matches,8344adf5
289,Adrien Hunou,fr FRA,FW,Minnesota Utd,28-163,1994,1.4,1,1,0,0,1,0,0,,0,29,10,34.5,2,6,21,2,0,0,2,0,1,1,0,Matches,d14229f3
290,Erik Hurtado,us USA,FW,Columbus Crew,31-228,1990,2.2,1,0,1,0,0,0,0,,0,43,7,16.3,2,23,18,3,1,0,2,1,2,6,0,Matches,b11e6f2b
291,Emerson Hyndman,us USA,MF,Atlanta Utd,26-083,1996,3.2,6,4,1,4,1,3,4,75,1,59,20,33.9,14,34,11,6,0,0,6,7,13,4,0,Matches,3be1a627
292,Franco Ibarra,ar ARG,MF,Atlanta Utd,21-064,2001,7.6,29,21,10,18,1,17,31,54.8,14,165,51,30.9,43,98,24,7,2,0,5,15,44,13,0,Matches,db6540c5
293,Sebastien Ibeagha,us USA,DF,Los Angeles FC,30-161,1992,8.7,10,7,8,2,0,4,5,80,1,65,21,32.3,45,20,0,15,7,1,8,9,19,41,0,Matches,41ba8175
294,Sunusi Ibrahim,ng NGA,FWMF,CF Montréal,19-273,2002,2.2,1,1,0,1,0,0,1,0,1,20,8,40,2,7,11,0,0,0,0,1,2,0,0,Matches,796994e5
295,James Igbekeme,ng NGA,FWMF,Columbus Crew,26-362,1995,8.1,16,11,8,6,2,4,21,19,17,187,43,23,54,90,43,8,0,0,8,16,32,2,0,Matches,c9ce0fc8
296,Tega Ikoba,us USA,FW,Portland Timbers,18-321,2003,0.3,0,0,0,0,0,0,0,,0,7,0,0,1,3,3,0,0,0,0,2,2,0,0,Matches,35d550f2
297,Arnór Ingvi Traustason,is ISL,FWMF,New England,29-062,1993,3.7,6,3,1,4,1,1,8,12.5,7,54,12,22.2,8,16,30,3,0,0,3,1,7,0,0,Matches,7d036b4a
298,Nicolas Isimat-Mirin,fr FRA,DF,Sporting KC,30-228,1991,10.8,22,20,16,6,0,9,14,64.3,5,89,47,52.8,55,30,4,20,11,0,9,18,40,50,0,Matches,14e8e9d7
299,Aljaž Ivačič,si SVN,GK,Portland Timbers,28-184,1993,17,0,0,0,0,0,0,0,,0,1,1,100,1,0,0,0,0,0,0,0,0,0,0,Matches,4d6e50d8
300,Stanislav Ivanov,bg BUL,FWMF,Chicago Fire,23-076,1999,8.5,7,5,5,1,1,0,6,0,6,150,49,32.7,37,63,50,7,1,0,6,7,14,1,0,Matches,0cafba94
301,Robin Jansson,se SWE,DF,Orlando City,30-228,1991,13.9,11,8,9,2,0,4,7,57.1,3,60,15,25,37,18,5,22,14,0,8,16,27,53,0,Matches,8ca5c176
302,Franco Jara,ar ARG,FW,FC Dallas,33-351,1988,4.2,3,1,0,1,2,2,3,66.7,1,83,17,20.5,12,36,35,3,0,0,3,1,4,3,0,Matches,413cce14
303,Andres Jasson,us USA,DFFW,NYCFC,20-165,2002,2.7,13,7,9,3,1,6,11,54.5,5,69,14,20.3,36,22,11,6,0,0,6,3,16,6,0,Matches,31d049b2
304,Cal Jennings,us USA,FW,Los Angeles FC,25-045,1997,0.2,0,0,0,0,0,0,0,,0,11,3,27.3,4,3,4,0,0,0,0,0,0,0,0,Matches,44f6672a
305,Hector Jiménez,us USA,DF,Austin FC,33-240,1988,4.9,10,9,4,4,2,5,10,50,5,58,13,22.4,18,31,9,8,1,0,7,11,21,11,0,Matches,2dc1e90e
306,Jesús Jiménez,es ESP,FW,Toronto FC,28-238,1993,15.7,8,6,2,4,2,2,8,25,6,263,76,28.9,17,122,124,8,1,0,7,5,13,15,0,Matches,1e161d47
307,Sean Johnson,us USA,GK,NYCFC,33-031,1989,16,0,0,0,0,0,0,0,,0,0,0,,0,0,0,0,0,0,0,0,0,0,0,Matches,c164335e
308,Alistair Johnston,ca CAN,DF,CF Montréal,23-266,1998,15.2,27,15,10,14,3,7,19,36.8,12,211,63,29.9,76,99,36,27,2,0,25,27,54,23,1,Matches,4fb17e20
309,DeJuan Jones,us USA,DF,New England,25-007,1997,15.8,24,19,13,9,2,15,31,48.4,16,207,66,31.9,90,82,35,26,8,0,18,31,55,32,0,Matches,10d1139c
310,Derrick Jones,us USA,MF,Charlotte FC,25-120,1997,1.8,7,4,5,1,1,4,4,100,0,29,10,34.5,14,12,3,2,1,0,1,4,11,4,0,Matches,93c92d6c
311,Joevin Jones,tt TRI,DFFW,Inter Miami,30-332,1991,0.5,3,0,3,0,0,0,0,,0,5,2,40,3,2,0,1,0,0,1,1,4,0,0,Matches,fc23d956
312,Jony,ar ARG,FW,Real Salt Lake,28-118,1994,1.6,0,0,0,0,0,0,1,0,1,31,15,48.4,1,14,16,2,0,0,2,2,2,0,0,Matches,60665492
313,Dejan Joveljić,rs SRB,FWMF,LA Galaxy,22-328,1999,3.5,3,3,0,1,2,0,1,0,1,83,22,26.5,8,27,48,1,0,0,1,0,3,0,0,Matches,95a24690
314,Kamil Jóźwiak,pl POL,MFFW,Charlotte FC,24-070,1998,2.9,6,3,3,2,1,3,5,60,2,47,13,27.7,7,13,27,6,0,0,6,0,6,0,0,Matches,bd4e3824
315,Judson,br BRA,MF,San Jose,29-037,1993,1.7,14,8,7,6,1,5,8,62.5,3,61,12,19.7,32,26,3,3,3,0,0,2,16,6,0,Matches,e1535f82
316,Anderson Julio,ec ECU,FW,Real Salt Lake,26-031,1996,0.7,1,0,1,0,0,0,1,0,1,22,5,22.7,6,4,12,1,0,0,1,0,1,0,0,Matches,f907a6a8
317,Florian Jungwirth,de GER,DFMF,Vancouver,33-155,1989,7.5,11,6,8,3,0,5,19,26.3,14,94,24,25.5,62,30,2,15,6,1,9,16,27,26,1,Matches,f179c207
318,Sam Junqua,us USA,DF,Houston Dynamo,25-234,1996,1.7,2,0,2,0,0,2,5,40,3,17,6,35.3,10,6,1,6,1,0,5,2,4,6,0,Matches,91981d97
319,Chris Kablan,ch SUI,MF,Real Salt Lake,27-213,1994,0,0,0,0,0,0,0,0,,0,1,1,100,1,0,0,1,0,0,1,0,0,0,0,Matches,04159652
320,Kristijan Kahlina,hr CRO,GK,Charlotte FC,29-342,1992,17,0,0,0,0,0,0,1,0,1,1,0,0,1,0,0,0,0,0,0,0,0,3,2,Matches,53e360bb
321,Brent Kallman,us USA,DF,Minnesota Utd,31-270,1990,6.5,5,5,5,0,0,3,5,60,2,49,19,38.8,35,11,3,15,4,0,11,16,21,35,0,Matches,2b24702b
322,Kei Kamara,sl SLE,FW,CF Montréal,37-303,1984,9.5,8,7,1,4,3,0,1,0,1,125,36,28.8,6,49,70,9,2,1,7,4,12,12,0,Matches,6e3f3809
323,Ola Kamara,no NOR,FW,D.C. United,32-259,1989,8.2,2,2,1,1,0,0,6,0,6,106,28,26.4,6,41,59,1,0,0,1,5,7,2,0,Matches,e134351a
324,Alec Kann,us USA,GK,FC Cincinnati,31-327,1990,7,0,0,0,0,0,0,0,,0,0,0,,0,0,0,1,0,0,1,0,0,0,0,Matches,4a8af93c
325,Johan Kappelhof,nl NED,DF,Real Salt Lake,31-330,1990,1,4,4,4,0,0,1,4,25,3,14,5,35.7,10,4,0,3,1,0,2,2,6,6,0,Matches,465015a5
326,Wilfrid Kaptoum,cm CMR,MF,New England,25-359,1996,5.3,10,5,7,3,0,5,13,38.5,8,97,24,24.7,42,47,8,7,3,0,4,9,19,8,0,Matches,d717630e
327,Ercan Kara,at AUT,FW,Orlando City,26-179,1996,11.2,10,8,3,5,2,1,11,9.1,10,204,48,23.5,6,94,104,4,1,0,3,1,11,12,0,Matches,540c9a17
328,Mark-Anthony Kaye,ca CAN,MF,Colorado Rapids,27-211,1994,13.2,38,25,10,20,8,17,36,47.2,19,260,80,30.8,72,140,48,15,3,0,12,32,70,12,0,Matches,36a38acd
329,Kipp Keller,us USA,DF,Austin FC,21-352,2000,2.7,5,4,4,1,0,3,5,60,2,31,15,48.4,20,10,1,4,3,0,1,9,14,10,2,Matches,fe5fea9f
330,Jon Kempin,us USA,GK,D.C. United,29-084,1993,2,0,0,0,0,0,0,0,,0,0,0,,0,0,0,0,0,0,0,0,0,0,0,Matches,063adc5e
331,Deandre Kerr,ca CAN,MFFW,Toronto FC,19-224,2002,8.1,10,5,3,4,3,2,8,25,6,170,39,22.9,36,71,63,9,0,0,9,12,22,4,0,Matches,a3e85f7b
332,Henry Kessler,us USA,DF,New England,24-006,1998,6,6,4,5,1,0,4,5,80,1,45,16,35.6,20,23,2,10,3,0,7,15,21,31,0,Matches,23c75879
333,Benjamin Kikanovic,us USA,FWMF,San Jose,22-176,2000,4.3,4,1,0,1,3,3,6,50,3,79,23,29.1,7,25,47,3,0,0,3,2,6,0,0,Matches,fe11d61b
334,Patryk Klimala,pl POL,FW,NY Red Bulls,23-330,1998,11,11,8,2,6,3,5,12,41.7,7,251,68,27.1,6,79,166,14,1,0,13,0,11,3,0,Matches,0bf3c11c
335,Sacha Kljestan,us USA,MF,LA Galaxy,36-295,1985,2.7,6,5,2,2,2,2,5,40,3,45,13,28.9,16,19,10,1,1,0,0,2,8,2,0,Matches,73682895
336,Brad Knighton,us USA,GK,New England,37-145,1985,4,0,0,0,0,0,0,0,,0,2,1,50,2,0,0,0,0,0,0,0,0,0,1,Matches,9903a3cb
337,Žan Kolmanič,si SVN,DF,Austin FC,22-120,2000,8.9,10,5,8,1,1,4,10,40,6,76,25,32.9,34,29,13,8,2,0,6,16,26,10,0,Matches,4501fd21
338,Ismaël Koné,ca CAN,MF,CF Montréal,20-025,2002,9,12,7,5,7,0,4,7,57.1,3,169,45,26.6,45,100,24,11,2,0,9,14,26,4,1,Matches,e0220b70
339,Damir Kreilach,hr CRO,MFFW,Real Salt Lake,33-076,1989,3.3,2,2,1,1,0,0,0,,0,39,6,15.4,6,17,16,3,2,0,1,2,4,7,0,Matches,068be155
340,Theodore Ku-Dipietro,us USA,MFFW,D.C. United,20-154,2002,0.3,0,0,0,0,0,0,1,0,1,7,1,14.3,1,4,2,1,0,0,1,0,0,0,0,Matches,ef7c10e0
341,Yuya Kubo,jp JPN,MF,FC Cincinnati,28-189,1993,7.8,41,22,24,9,8,15,32,46.9,17,243,81,33.3,87,116,40,11,2,0,9,22,63,8,0,Matches,cba16a46
342,Jojea Kwizera,cg CGO,DFMF,CF Montréal,23-181,1999,0.2,0,0,0,0,0,0,0,,0,2,1,50,0,2,0,0,0,0,0,0,0,0,0,Matches,cc61360d
343,Lassi Lappalainen,fi FIN,DF,CF Montréal,23-311,1998,12.2,24,14,7,13,4,14,27,51.9,13,211,63,29.9,55,89,67,19,0,0,19,15,39,10,2,Matches,bcb2282d
344,Jesús David Murillo Largacha,co COL,DF,Los Angeles FC,28-133,1994,12.7,32,21,24,6,2,17,28,60.7,11,132,51,38.6,70,55,7,14,7,0,7,40,72,60,0,Matches,68d48a71
345,Ariel Lassiter,cr CRC,FWMF,Inter Miami,27-277,1994,11.3,1,1,1,0,0,1,4,25,3,105,17,16.2,17,44,44,10,2,0,8,15,16,5,0,Matches,bd7b916c
346,Vuk Latinovich,us USA,DF,NYCFC,24-290,1997,0.2,0,0,0,0,0,0,0,,0,1,0,0,1,0,0,1,0,0,1,0,0,4,0,Matches,5c0e047a
347,Kemar Lawrence,jm JAM,DF,Minnesota Utd,29-287,1992,12,10,7,7,3,0,4,6,66.7,2,73,32,43.8,36,27,10,19,4,0,15,26,36,46,0,Matches,80be3efe
348,Randall Leal,cr CRC,MFFW,Nashville,25-168,1997,9.9,15,11,7,7,1,3,15,20,12,172,42,24.4,45,87,40,16,3,0,13,9,24,10,0,Matches,874a5031
349,Kelvin Leerdam,sr SUR,DFMF,LA Galaxy,32-007,1990,4.3,11,7,5,4,2,6,7,85.7,1,53,14,26.4,21,25,7,9,2,0,7,8,19,5,0,Matches,d8b47705
350,Brooks Lennon,us USA,DFFW,Atlanta Utd,24-282,1997,13,21,10,10,6,5,11,19,57.9,8,167,50,29.9,65,63,39,16,3,0,13,17,38,14,0,Matches,ec80ba72
351,Jonathan Lewis,us USA,FW,Colorado Rapids,25-027,1997,12.1,15,7,5,7,3,4,11,36.4,7,215,58,27,20,101,94,10,0,0,10,8,23,2,0,Matches,2501eb59
352,Danny Leyva,us USA,MF,Seattle,19-057,2003,1.2,3,2,1,2,0,2,5,40,3,39,6,15.4,11,26,2,2,1,0,1,1,4,0,0,Matches,ecc3a9c9
353,Azaad Liadi,us USA,MF,D.C. United,24-048,1998,0.1,0,0,0,0,0,0,0,,0,4,1,25,0,1,3,1,0,0,1,0,0,0,0,Matches,ba702426
354,Nick Lima,us USA,DF,Austin FC,27-226,1994,11.9,16,8,9,4,3,7,16,43.8,9,103,36,35,37,49,17,22,3,0,19,28,44,18,2,Matches,959686eb
355,Jaylin Lindsey,us USA,DF,Charlotte FC,22-096,2000,13.7,23,14,13,8,2,10,14,71.4,4,160,44,27.5,73,60,27,25,7,0,18,35,58,19,0,Matches,83cb6e59
356,Sebastian Lletget,us USA,MFFW,New England,29-301,1992,11.7,22,16,9,8,5,5,15,33.3,10,190,59,31.1,40,82,68,18,2,0,16,7,29,8,0,Matches,73019c31
357,Robin Lod,fi FIN,FW,Minnesota Utd,29-075,1993,15.3,25,13,7,9,9,13,21,61.9,8,246,60,24.4,48,100,98,11,2,0,9,16,41,11,0,Matches,33c69aa0
358,Nicolás Lodeiro,uy URU,MF,Seattle,33-102,1989,8.8,6,4,2,4,0,1,12,8.3,11,210,50,23.8,49,113,48,6,0,0,6,11,17,8,0,Matches,fe81d0d1
359,Jasper Löeffelsend,us USA,MF,Real Salt Lake,24-265,1997,7.4,15,9,6,8,1,6,23,26.1,17,173,56,32.4,46,96,31,14,2,0,12,13,28,7,0,Matches,ce037639
360,Aaron Long,us USA,DF,NY Red Bulls,29-262,1992,13.8,22,17,9,11,2,11,13,84.6,2,125,57,45.6,53,61,11,22,5,0,17,28,50,43,0,Matches,46b89640
361,Marcos López,pe PER,DF,San Jose,22-223,1999,10.4,23,14,14,4,5,6,7,85.7,1,110,44,40,54,37,19,12,3,0,9,29,52,19,1,Matches,9b3ab988
362,Marvin Loría,cr CRC,FWMF,Portland Timbers,25-068,1997,4.8,4,3,1,2,1,0,2,0,2,47,17,36.2,8,19,20,11,0,0,11,10,14,6,0,Matches,71380d87
363,Daniel Lovitz,us USA,DF,Nashville,30-308,1991,14,14,7,4,9,1,5,11,45.5,6,203,47,23.2,106,77,20,21,2,0,19,25,39,27,0,Matches,db97d838
364,Damion Lowe,jm JAM,DF,Inter Miami,29-057,1993,13.7,32,23,21,10,1,8,22,36.4,14,147,61,41.5,93,51,3,32,20,1,12,50,82,73,2,Matches,b6e2e54c
365,Everton Luiz,br BRA,MF,Real Salt Lake,34-038,1988,4.8,7,2,4,3,0,3,11,27.3,8,94,21,22.3,38,44,12,6,3,0,3,10,17,11,0,Matches,3799e138
366,Diego Luna,us USA,MF,Real Salt Lake,18-297,2003,0,0,0,0,0,0,0,0,,0,1,1,100,1,0,0,0,0,0,0,0,0,0,0,Matches,e67f8af0
367,Adam Lundqvist,se SWE,DF,Houston Dynamo,28-103,1994,15.4,40,24,23,16,1,18,36,50,18,211,67,31.8,115,76,20,36,5,0,31,35,75,34,0,Matches,91769a24
368,Luquinhas,br BRA,MFFW,NY Red Bulls,25-276,1996,9.9,12,7,3,6,3,3,17,17.6,14,185,54,29.2,30,80,75,7,0,0,7,13,25,2,0,Matches,85937928
369,Jack Lynn,us USA,MF,Orlando City,22-170,2000,0,0,0,0,0,0,0,0,,0,4,2,50,0,1,3,0,0,0,0,0,0,0,0,Matches,c81d718e
370,Larrys Mabiala,cd COD,DF,Portland Timbers,34-266,1987,7.3,6,4,4,2,0,2,6,33.3,4,57,15,26.3,40,14,3,15,7,0,8,14,20,41,0,Matches,5bdec47f
371,Aimé Mabika,zm ZAM,DF,Inter Miami,23-319,1998,4.4,8,5,8,0,0,1,3,33.3,2,44,19,43.2,36,8,0,6,2,0,4,5,13,30,0,Matches,3a37d349
372,Maciel,br BRA,MF,New England,22-164,2000,2.6,8,3,4,2,2,6,10,60,4,61,16,26.2,30,22,9,6,1,0,5,4,12,3,0,Matches,a39d51e0
373,Zac MacMath,us USA,GK,Real Salt Lake,30-328,1991,17,0,0,0,0,0,0,0,,0,3,1,33.3,3,0,0,1,0,0,1,1,1,0,3,Matches,06caac45
374,Lukas MacNaughton,us USA,DF,Toronto FC,27-115,1995,8.3,13,8,6,5,2,5,10,50,5,71,25,35.2,40,27,4,23,7,0,16,16,29,32,0,Matches,b6111d16
375,Talles Magno,br BRA,FW,NYCFC,20-005,2002,13.9,26,13,9,14,3,6,23,26.1,17,268,80,29.9,71,121,76,25,2,0,23,15,41,8,0,Matches,64c98878
376,Jack Maher,us USA,DF,Nashville,22-246,1999,13,13,5,9,4,0,5,10,50,5,96,32,33.3,62,32,2,16,8,0,8,20,33,40,0,Matches,0c6f2fa6
377,Christian Makoun,ve VEN,DF,Charlotte FC,22-118,2000,8.9,14,5,10,3,1,6,8,75,2,79,29,36.7,47,30,2,15,10,0,5,13,27,47,0,Matches,7efffe65
378,Machop Malual,ss SSD,DF,Atlanta Utd,23-229,1998,0.1,0,0,0,0,0,0,0,,0,1,1,100,1,0,0,0,0,0,0,0,0,0,0,Matches,1701b012
379,J.T. Marcinkowski,us USA,GK,San Jose,25-053,1997,16,0,0,0,0,0,0,2,0,2,5,0,0,5,0,0,0,0,0,0,0,0,0,0,Matches,977791f4
380,Paul Marie,fr FRA,DF,San Jose,27-099,1995,12.9,29,16,20,9,0,12,26,46.2,14,212,62,29.2,91,76,45,25,9,2,16,35,64,22,0,Matches,da0bb55a
381,Anthony Markanich,us USA,DF,Colorado Rapids,22-187,1999,1.6,5,3,3,1,1,5,8,62.5,3,24,5,20.8,12,10,2,3,1,0,2,0,5,2,0,Matches,565fde4a
382,Nick Markanich,us USA,FWMF,FC Cincinnati,22-187,1999,1.2,6,6,2,1,3,3,3,100,0,35,13,37.1,7,11,17,3,0,0,3,4,10,5,0,Matches,65988c73
383,George Marks,us USA,GK,Charlotte FC,22-233,1999,1,0,0,0,0,0,0,0,,0,0,0,,0,0,0,0,0,0,0,0,0,0,0,Matches,e75f9dba
384,Jahkeele Marshall-Rutty,ca CAN,DF,Toronto FC,18-015,2004,3,11,6,4,4,3,6,10,60,4,43,20,46.5,24,11,8,7,2,0,5,10,21,4,0,Matches,b9459f85
385,Nick Marsman,nl NED,GK,Inter Miami,31-273,1990,5,0,0,0,0,0,0,0,,0,1,0,0,1,0,0,0,0,0,0,0,0,0,1,Matches,f352799f
386,Josef Martínez,ve VEN,FW,Atlanta Utd,29-043,1993,7.3,2,1,0,1,1,0,2,0,2,62,18,29,2,15,45,2,1,0,1,2,4,4,0,Matches,e73f0aa1
387,Luís Martins,pt POR,DF,Vancouver,30-021,1992,1.4,1,1,0,1,0,0,0,,0,25,8,32,12,11,2,4,0,0,4,0,1,4,0,Matches,56b7c09b
388,Thiago Martins,br BRA,DF,NYCFC,27-106,1995,10.9,8,5,8,0,0,2,7,28.6,5,69,31,44.9,51,16,2,15,10,0,5,19,27,43,2,Matches,4d6ec370
389,Alexandru Mățan,ro ROU,FWMF,Columbus Crew,22-306,1999,0.4,0,0,0,0,0,0,0,,0,7,2,28.6,1,3,3,0,0,0,0,1,1,0,0,Matches,3bd3bcc4
390,Rónald Matarrita,cr CRC,DF,FC Cincinnati,27-357,1994,1.9,2,1,0,2,0,2,5,40,3,20,6,30,6,11,3,3,1,0,2,4,6,2,0,Matches,491862dd
391,Jimmy Maurer,us USA,GK,FC Dallas,33-260,1988,2,0,0,0,0,0,0,0,,0,2,0,0,2,0,0,0,0,0,0,0,0,0,0,Matches,ca1c6f3d
392,José Mauri,it ITA,MF,Sporting KC,26-046,1996,0.3,0,0,0,0,0,0,0,,0,7,1,14.3,2,4,1,0,0,0,0,0,0,0,0,Matches,644faf10
393,Chris Mavinga,cd COD,DF,Toronto FC,31-036,1991,4.8,14,12,10,4,0,7,9,77.8,2,59,27,45.8,33,21,5,10,6,0,4,12,26,19,1,Matches,fda36cfb
394,Max,br BRA,FWMF,Colorado Rapids,21-050,2001,3.5,2,1,0,2,0,0,3,0,3,51,12,23.5,6,34,11,4,0,0,4,5,7,4,0,Matches,67c3efa4
395,Olivier Mbaizo,cm CMR,DF,Philadelphia,24-320,1997,2.4,3,2,1,1,1,0,1,0,1,41,15,36.6,18,20,3,2,0,0,2,9,12,6,0,Matches,f6315619
396,John McCarthy,us USA,GK,Los Angeles FC,29-362,1992,1,0,0,0,0,0,0,0,,0,0,0,,0,0,0,0,0,0,0,0,0,0,0,Matches,249362e9
397,Dax McCarty,us USA,MF,Nashville,35-062,1987,8.5,24,12,13,10,1,11,21,52.4,10,173,51,29.5,64,90,19,12,3,0,9,15,39,16,1,Matches,b74e58c0
398,Aiden McFadden,us USA,DF,Atlanta Utd,23-276,1998,1.9,3,1,2,0,1,1,3,33.3,2,22,5,22.7,11,10,1,5,2,0,3,2,5,5,0,Matches,eed1b8f6
399,Jack McGlynn,us USA,MF,Philadelphia,18-359,2003,1.6,5,4,1,2,2,4,7,57.1,3,36,10,27.8,10,23,3,1,0,0,1,3,8,1,0,Matches,e2b8c25c
400,Zac McGraw,us USA,DF,Portland Timbers,25-023,1997,5.6,13,11,9,4,0,5,8,62.5,3,61,30,49.2,34,27,0,13,5,0,8,19,32,40,0,Matches,83129dc7
401,Thomas McNamara,us USA,MF,New England,31-145,1991,13.4,35,20,14,14,7,16,24,66.7,8,224,69,30.8,67,115,42,21,9,0,12,15,50,19,0,Matches,ab36595d
402,Quinn McNeill,us USA,MF,Charlotte FC,23-305,1998,0.3,0,0,0,0,0,0,0,,0,7,0,0,0,4,3,0,0,0,0,0,0,0,0,Matches,2a9b1a97
403,Christopher McVey,se SWE,DF,Inter Miami,25-080,1997,16,42,25,32,10,0,17,29,58.6,12,172,53,30.8,102,54,16,20,4,0,16,32,74,40,0,Matches,149d8165
404,Ryan Meara,us USA,GK,NY Red Bulls,31-228,1990,1,0,0,0,0,0,0,0,,0,0,0,,0,0,0,0,0,0,0,0,0,0,0,Matches,18f0723b
405,Jimmy Medranda,co COL,DFMF,Seattle,28-144,1994,3,11,7,5,5,1,3,7,42.9,4,40,9,22.5,12,19,9,2,0,0,2,9,20,7,0,Matches,6f7ac622
406,Haris Medunjanin,ba BIH,MF,FC Cincinnati,37-115,1985,4.3,8,5,5,3,0,5,16,31.3,11,74,19,25.7,32,33,9,7,1,0,6,5,13,2,0,Matches,de5d5d41
407,Tim Melia,us USA,GK,Sporting KC,36-047,1986,18,0,0,0,0,0,0,1,0,1,4,1,25,4,0,0,1,0,0,1,0,0,0,0,Matches,cc741f50
408,Jhegson Méndez,ec ECU,MF,Orlando City,25-066,1997,4.1,14,13,9,5,0,5,13,38.5,8,99,35,35.4,43,47,9,8,4,0,4,9,23,5,0,Matches,db0c5324
409,Jonathan Mensah,gh GHA,DF,Columbus Crew,31-353,1990,15,8,4,4,2,2,3,8,37.5,5,68,27,39.7,32,30,6,19,14,0,5,43,51,56,1,Matches,8087e6cb
410,Justin Meram,iq IRQ,MFFW,Real Salt Lake,33-209,1988,14.3,13,9,8,3,2,6,26,23.1,20,247,64,25.9,62,106,79,12,0,0,12,15,28,6,0,Matches,ae34c71d
411,Romain Métanire,mg MAD,DF,Minnesota Utd,32-095,1990,0.3,0,0,0,0,0,0,0,,0,3,2,66.7,2,1,0,0,0,0,0,1,1,1,0,Matches,0fb21da9
412,Nicolás Mezquida,uy URU,MFFW,Colorado Rapids,30-161,1992,1.2,7,6,3,4,0,3,4,75,1,33,9,27.3,9,16,8,3,0,0,3,5,12,1,0,Matches,00b629e1
413,Benji Michel,us USA,FW,Orlando City,24-251,1997,7.2,12,8,4,4,4,2,6,33.3,4,99,21,21.2,26,43,30,8,0,0,8,4,16,5,0,Matches,151ca25f
414,Djordje Mihailovic,us USA,MFFW,CF Montréal,23-233,1998,11.9,15,12,5,8,2,6,19,31.6,13,186,51,27.4,26,106,54,19,0,0,19,14,29,11,0,Matches,83cf9719
415,Matko Miljevic,us USA,MFFW,CF Montréal,21-053,2001,4.1,8,6,3,2,3,2,6,33.3,4,52,14,26.9,12,22,18,0,0,0,0,7,15,0,0,Matches,74b76abc
416,Eric Miller,us USA,DF,Nashville,29-167,1993,8.8,8,4,1,7,0,4,8,50,4,108,26,24.1,37,59,12,14,2,0,12,15,23,21,0,Matches,c0593f5d
417,Kamal Miller,ca CAN,DF,CF Montréal,25-046,1997,13.7,13,7,10,3,0,5,9,55.6,4,82,27,32.9,48,28,6,12,3,0,9,25,38,43,1,Matches,0646bd8a
418,Tyler Miller,us USA,GK,Minnesota Utd,29-111,1993,2,0,0,0,0,0,0,0,,0,0,0,,0,0,0,0,0,0,0,0,0,0,0,Matches,7827a6b3
419,Kevin Molino,tt TRI,FW,Columbus Crew,32-014,1990,0.2,0,0,0,0,0,0,0,,0,3,2,66.7,0,2,1,0,0,0,0,1,1,0,0,Matches,371645ca
420,Jamiro Monteiro,cv CPV,MF,San Jose,28-220,1993,13.7,31,22,10,16,5,9,19,47.4,10,292,91,31.2,47,166,79,10,0,0,10,10,41,1,0,Matches,d384bddd
421,Fredy Montero,co COL,FWMF,Seattle,34-340,1987,7.3,10,9,2,7,1,4,11,36.4,7,118,44,37.3,17,58,43,6,1,0,5,7,17,3,0,Matches,bc5b5be5
422,Kim Moonhwan,kr KOR,DF,Los Angeles FC,26-334,1995,0.9,2,1,2,0,0,1,3,33.3,2,14,5,35.7,3,8,3,0,0,0,0,4,6,1,0,Matches,6bce7dd8
423,Drew Moor,us USA,DF,Colorado Rapids,38-167,1984,1.8,3,0,3,0,0,2,3,66.7,1,14,3,21.4,8,5,1,3,2,0,1,1,4,9,0,Matches,220cf869
424,Felipe Mora,cl CHI,FW,Portland Timbers,28-333,1993,0.4,1,0,0,1,0,0,0,,0,11,3,27.3,1,6,4,0,0,0,0,0,1,0,0,Matches,f4b0ea46
425,Joseph Mora,cr CRC,DF,Charlotte FC,29-167,1993,12.6,35,28,16,11,8,15,20,75,5,205,82,40,85,80,40,25,5,0,20,26,61,24,0,Matches,2af71023
426,Alfredo Morales,us USA,MFDF,NYCFC,32-050,1990,13,28,22,15,11,2,8,16,50,8,215,72,33.5,95,109,11,20,7,0,13,28,56,26,0,Matches,ff45add5
427,Maximiliano Moralez,ar ARG,MF,NYCFC,35-124,1987,10.9,19,12,8,7,4,5,21,23.8,16,171,54,31.6,42,83,46,13,2,0,11,15,34,5,0,Matches,f99f37fc
428,Steven Moreira,fr FRA,DF,Columbus Crew,27-322,1994,14.2,18,7,10,7,1,8,19,42.1,11,192,64,33.3,77,78,37,25,3,0,22,34,52,20,0,Matches,f10983ae
429,Junior Moreno,ve VEN,MF,FC Cincinnati,28-346,1993,13.4,37,28,18,16,3,9,23,39.1,14,237,73,30.8,92,118,27,31,8,0,23,32,69,13,0,Matches,5dcb4ac4
430,Marcelino Moreno,ar ARG,MFFW,Atlanta Utd,28-006,1994,12.3,12,7,4,1,7,4,14,28.6,10,163,51,31.3,28,60,75,10,0,0,10,14,26,2,0,Matches,058c938c
431,Santiago Moreno,co COL,FWMF,Portland Timbers,22-071,2000,12.2,19,14,11,2,6,7,26,26.9,19,231,62,26.8,76,88,67,17,1,0,16,21,40,5,1,Matches,3261d0e4
432,Lewis Morgan,sct SCO,FWDF,NY Red Bulls,25-274,1996,16,50,27,18,18,14,17,66,25.8,49,426,126,29.6,85,191,150,28,2,0,26,23,73,15,1,Matches,b675e328
433,Aidan Morris,us USA,MF,Columbus Crew,20-227,2001,7.3,32,25,17,12,3,9,23,39.1,14,204,62,30.4,71,106,27,13,2,0,11,13,45,3,0,Matches,3778339c
434,Jordan Morris,us USA,FW,Seattle,27-248,1994,10.8,8,5,6,1,1,5,10,50,5,110,18,16.4,22,43,45,9,2,0,7,13,21,5,0,Matches,bd298d0d
435,Jean Mota,br BRA,MF,Inter Miami,28-259,1993,13.1,34,20,16,14,4,11,44,25,33,238,54,22.7,95,113,30,16,2,0,14,27,61,8,0,Matches,1ee0513b
436,João Moutinho,pt POR,DF,Orlando City,24-170,1998,16,52,28,30,16,6,30,37,81.1,7,228,73,32,112,80,36,29,5,0,24,33,85,32,0,Matches,a0aee24e
437,Chris Mueller,us USA,FWMF,Chicago Fire,25-306,1996,6.9,6,5,3,2,1,3,9,33.3,6,91,31,34.1,15,45,31,13,0,0,13,4,10,2,0,Matches,a5334099
438,Hany Mukhtar,de GER,FWMF,Nashville,27-102,1995,16,5,4,3,2,0,1,8,12.5,7,294,54,18.4,46,150,98,12,0,0,12,7,12,4,0,Matches,87fe8526
439,Jake Mulraney,ie IRL,FWDF,Atlanta Utd,26-087,1996,2,5,1,3,1,1,0,7,0,7,47,9,19.1,15,21,11,3,0,0,3,1,6,0,0,Matches,0f04858e
440,Jake Mulraney,ie IRL,FW,Orlando City,26-087,1996,3.5,7,3,3,3,1,6,6,100,0,44,9,20.5,10,18,16,3,0,0,3,1,8,2,1,Matches,0f04858e
441,Eddie Munjoma,us USA,FWMF,FC Dallas,23-348,1998,0.1,0,0,0,0,0,0,0,,0,0,0,,0,0,0,0,0,0,0,0,0,1,0,Matches,0e1f6ffa
442,Ian Murphy,us USA,DF,FC Cincinnati,22-166,2000,8.7,8,1,6,2,0,1,6,16.7,5,74,17,23,49,23,2,15,6,0,9,17,25,34,0,Matches,c6d233e3
443,Daniel Musovski,us USA,FWMF,Los Angeles FC,26-213,1995,4.5,7,4,3,0,4,3,5,60,2,89,25,28.1,27,26,36,4,0,0,4,3,10,4,0,Matches,925a2703
444,Alex Muyl,us USA,DF,Nashville,26-274,1995,13.1,41,25,18,14,9,22,39,56.4,17,213,75,35.2,87,80,46,23,4,0,19,15,56,19,1,Matches,2c1025bf
445,Darlington Nagbe,us USA,MF,Columbus Crew,31-347,1990,15.8,22,16,7,10,5,6,13,46.2,7,184,65,35.3,48,115,21,13,3,0,10,24,46,8,1,Matches,6219c704
446,Andy Najar,hn HON,DF,D.C. United,29-107,1993,6.6,12,10,10,1,1,4,10,40,6,81,26,32.1,34,33,14,8,1,0,7,30,42,17,0,Matches,f8280175
447,Federico Navarro,ar ARG,MF,Chicago Fire,22-114,2000,12.3,54,34,32,20,2,19,49,38.8,30,278,95,34.2,120,134,24,15,3,0,12,24,78,14,0,Matches,61c628be
448,Miguel Navarro,ve VEN,DF,Chicago Fire,23-125,1999,12,31,14,17,10,4,13,27,48.1,14,171,50,29.2,82,66,23,30,7,0,23,43,74,26,0,Matches,3fbff39a
449,Logan Ndenbe,be BEL,DF,Sporting KC,22-142,2000,14.1,22,9,10,8,4,5,9,55.6,4,166,49,29.5,64,66,36,23,2,0,21,23,45,21,1,Matches,f625e8a5
450,Dylan Nealis,us USA,DF,NY Red Bulls,23-336,1998,10.5,50,27,17,28,5,24,48,50,24,269,92,34.2,105,115,49,27,5,0,22,35,85,39,0,Matches,24f4dd87
451,Sean Nealis,us USA,DF,NY Red Bulls,25-169,1997,18,27,19,21,6,0,12,27,44.4,15,182,79,43.4,95,75,12,29,11,1,18,43,70,87,1,Matches,8c1b17b3
452,Jayden Nelson,ca CAN,MFFW,Toronto FC,19-278,2002,11,24,12,8,10,6,11,33,33.3,22,264,75,28.4,83,111,70,14,1,0,13,20,44,12,0,Matches,92305a81
453,John Nelson,us USA,DF,FC Cincinnati,23-355,1998,8,12,5,11,0,1,3,4,75,1,76,27,35.5,43,21,12,29,2,0,27,22,34,21,0,Matches,df8c4d49
454,Michael Nelson,us USA,GK,Houston Dynamo,27-141,1995,1,0,0,0,0,0,0,0,,0,0,0,,0,0,0,0,0,0,0,0,0,0,0,Matches,f4a12161
455,Jake Nerwinski,us USA,DF,Vancouver,27-257,1994,10.5,14,7,10,3,1,3,12,25,9,77,19,24.7,50,20,7,9,4,0,5,17,31,19,0,Matches,2b5801d0
456,Serge Ngoma,us USA,MFFW,NY Red Bulls,16-357,2005,0.5,2,2,1,0,1,1,1,100,0,23,7,30.4,5,12,6,1,0,0,1,2,4,0,0,Matches,de7a0fe6
457,Jarosław Niezgoda,pl POL,FW,Portland Timbers,27-108,1995,11.6,6,4,1,3,2,1,6,16.7,5,170,53,31.2,10,57,103,9,3,0,6,5,11,9,0,Matches,60c659b6
458,Chinonso Nnamdi Offor,ng NGA,FW,Chicago Fire,22-035,2000,2.9,3,2,0,2,1,0,4,0,4,61,20,32.8,6,27,28,4,1,0,3,0,3,4,0,Matches,dc590664
459,Tsiki Ntsabeleng,za RSA,MF,FC Dallas,24-142,1998,4.9,15,10,4,9,2,4,8,50,4,111,26,23.4,30,54,27,7,1,0,6,9,24,7,0,Matches,bcbc53d5
460,Obinna Nwobodo,ng NGA,MF,FC Cincinnati,25-214,1996,7.9,36,21,20,14,2,5,19,26.3,14,234,55,23.5,100,115,19,22,6,1,16,22,58,15,0,Matches,897c8066
461,Moses Nyeman,us USA,MF,D.C. United,18-238,2003,1.6,5,1,3,2,0,0,2,0,2,33,10,30.3,14,17,2,2,0,0,2,2,7,0,0,Matches,09d33255
462,Shane O'Neill,us USA,DF,Toronto FC,28-302,1993,12,19,10,11,8,0,9,18,50,9,159,53,33.3,89,63,7,28,6,0,22,39,58,56,0,Matches,a62a56b4
463,Jáder Obrian,co COL,FW,FC Dallas,27-044,1995,8.8,12,6,5,4,3,1,10,10,9,164,39,23.8,36,60,68,10,1,0,9,8,20,5,0,Matches,1471b2a8
464,Chris Odoi-Atsem,us USA,DF,D.C. United,27-034,1995,0.9,3,1,3,0,0,1,1,100,0,18,4,22.2,13,5,0,7,1,0,6,1,4,3,0,Matches,375ec69e
465,Noble Okello,ca CAN,MF,Toronto FC,21-346,2000,1.8,3,3,1,2,0,2,2,100,0,35,8,22.9,8,17,10,3,0,0,3,5,8,6,0,Matches,6bc16162
466,Wyatt Omsberg,us USA,DF,Chicago Fire,26-283,1995,14,22,8,17,5,0,7,16,43.8,9,129,45,34.9,80,46,3,27,12,0,15,39,61,92,1,Matches,cd44ba68
467,Kwadwo Opoku,gh GHA,FWMF,Los Angeles FC,20-353,2001,10.8,18,16,7,4,7,4,7,57.1,3,227,70,30.8,23,86,118,6,2,0,4,7,25,1,0,Matches,226a288e
468,Arquimides Ordonez,gt GUA,FWMF,FC Cincinnati,18-330,2003,0.5,3,2,3,0,0,1,1,100,0,28,5,17.9,12,13,3,1,0,0,1,0,3,0,0,Matches,8941d9b2
469,Jaziel Orozco,us USA,DF,Real Salt Lake,18-029,2004,3.5,7,2,5,2,0,2,4,50,2,27,7,25.9,19,8,0,6,3,0,3,4,11,12,0,Matches,46af4656
470,Christian Ortiz,ar ARG,MFFW,Charlotte FC,29-315,1992,7.1,9,5,3,4,2,3,7,42.9,4,164,46,28,35,80,49,10,2,0,8,6,15,3,0,Matches,bd8ddbd6
471,Jonathan Osorio,ca CAN,MF,Toronto FC,30-019,1992,9.5,24,19,8,13,3,6,17,35.3,11,226,80,35.4,64,115,47,22,5,0,17,9,33,12,0,Matches,70106ff6
472,Leonard Owusu,gh GHA,MF,Vancouver,25-028,1997,5,8,6,3,4,1,4,9,44.4,5,68,19,27.9,26,31,11,6,0,0,6,6,14,4,0,Matches,a06c6c8a
473,Maarten Paes,nl NED,GK,FC Dallas,24-048,1998,15,0,0,0,0,0,0,0,,0,1,1,100,1,0,0,0,0,0,0,0,0,0,0,Matches,eb343262
474,Diego Palacios,ec ECU,DF,Los Angeles FC,22-354,1999,13.7,39,21,21,11,7,16,33,48.5,17,194,64,33,88,67,39,22,2,0,20,35,74,19,1,Matches,6ec37f2e
475,Elliot Panicco,us USA,GK,Nashville,25-225,1996,1,0,0,0,0,0,0,0,,0,0,0,,0,0,0,0,0,0,0,0,0,0,1,Matches,e93972ac
476,Cristhian Paredes,py PAR,MF,Portland Timbers,24-044,1998,13.8,31,19,19,8,4,12,33,36.4,21,303,93,30.7,116,132,55,20,8,0,12,23,54,14,0,Matches,0d8a2551
477,Tim Parker,us USA,DF,Houston Dynamo,29-128,1993,11.8,12,5,10,2,0,7,10,70,3,65,23,35.4,46,19,0,14,5,0,9,13,25,51,0,Matches,4988a44d
478,Keaton Parks,us USA,MF,NYCFC,24-329,1997,10.1,19,13,10,7,2,9,23,39.1,14,178,59,33.1,80,71,27,14,3,0,11,14,33,12,0,Matches,77986763
479,Tyler Pasher,ca CAN,FW,Houston Dynamo,28-065,1994,6.2,5,2,1,2,2,1,3,33.3,2,60,15,25,11,23,26,4,0,0,4,3,8,1,0,Matches,3a7bec1b
480,Alexandre Pato,br BRA,FW,Orlando City,32-302,1989,8.7,4,4,1,1,2,0,1,0,1,116,28,24.1,11,46,59,7,0,0,7,7,11,7,0,Matches,7dd83c7d
481,João Paulo Mior,br BRA,MF,Seattle,31-115,1991,5,20,11,12,4,4,11,22,50,11,81,24,29.6,42,29,10,9,4,0,5,9,29,12,0,Matches,b96aa1d6
482,Jason Pendant,fr FRA,DF,NY Red Bulls,25-142,1997,0.9,3,3,3,0,0,2,4,50,2,27,12,44.4,7,11,9,2,1,0,1,0,3,1,0,Matches,22fe9049
483,Andrés Perea,us USA,MF,Orlando City,21-229,2000,5.5,11,6,6,4,1,5,12,41.7,7,119,29,24.4,41,62,16,6,2,0,4,9,20,14,1,Matches,7e1dbecf
484,Daniel Pereira,ve VEN,MF,Austin FC,21-352,2000,12.3,18,14,10,7,1,8,17,47.1,9,243,67,27.6,90,125,28,16,1,0,15,20,38,10,1,Matches,b8862e65
485,Gabriel Pereira,br BRA,FW,NYCFC,20-334,2001,3.9,4,3,1,1,2,2,4,50,2,53,16,30.2,13,22,18,7,1,0,6,4,8,0,0,Matches,60c4ac82
486,Mauricio Pereyra,uy URU,MF,Orlando City,32-108,1990,14.7,26,13,9,6,11,9,33,27.3,24,307,70,22.8,63,157,87,13,1,0,12,17,43,8,0,Matches,f45eb18d
487,Adrien Perez,us USA,MF,D.C. United,26-261,1995,1.5,1,0,0,0,1,0,0,,0,28,10,35.7,5,9,14,3,1,0,2,5,6,1,0,Matches,298a167b
488,Jonathan Perez,mx MEX,DF,LA Galaxy,19-164,2003,0.1,0,0,0,0,0,0,0,,0,1,0,0,1,0,0,0,0,0,0,0,0,0,0,Matches,41e57408
489,Jordan Perruzza,ca CAN,FWMF,Toronto FC,21-166,2001,2.6,3,1,0,1,2,0,1,0,1,59,16,27.1,12,25,22,3,0,0,3,0,3,2,0,Matches,edc8791f
490,Luca Petrasso,ca CAN,DFFW,Toronto FC,22-015,2000,14.8,22,14,7,9,6,9,24,37.5,15,181,44,24.3,55,72,54,25,5,0,20,29,51,26,1,Matches,fafeaf3d
491,Đorđe Petrović,rs SRB,GK,New England,22-266,1999,4,0,0,0,0,0,0,0,,0,0,0,,0,0,0,0,0,0,0,0,0,0,0,Matches,0cf321c8
492,Fafà Picault,us USA,FWMF,Houston Dynamo,31-128,1991,10.8,14,7,8,2,4,3,8,37.5,5,154,33,21.4,49,56,49,13,2,0,11,15,29,17,0,Matches,dbaa10c0
493,Kayden Pierre,us USA,DFFW,Sporting KC,19-135,2003,0.9,9,5,4,2,3,1,1,100,0,14,6,42.9,6,4,4,1,1,0,0,0,9,1,0,Matches,2f5f098b
494,Samuel Piette,ca CAN,MF,CF Montréal,27-231,1994,4.2,10,5,2,6,2,3,5,60,2,87,25,28.7,29,41,17,4,2,1,2,7,17,2,0,Matches,bc33c73b
495,Mauricio Pineda,us USA,MFDF,Chicago Fire,24-257,1997,10.2,19,15,10,8,1,7,21,33.3,14,149,54,36.2,48,74,27,13,2,0,11,27,46,26,0,Matches,e0c17cde
496,Donovan Pines,us USA,DF,D.C. United,24-116,1998,7.5,15,6,9,4,2,5,5,100,0,91,31,34.1,43,40,8,14,6,0,8,24,39,39,1,Matches,7bd25363
497,Matt Polster,us USA,MF,New England,29-023,1993,11.4,32,24,8,18,6,13,23,56.5,10,185,62,33.5,53,96,36,19,8,0,11,26,58,19,1,Matches,d1d418f8
498,Paxton Pomykal,us USA,MF,FC Dallas,22-196,1999,15,50,31,20,23,7,14,37,37.8,23,319,93,29.2,97,157,65,25,1,0,24,21,71,15,0,Matches,c1f0fb45
499,Alvas Powell,jm JAM,DF,FC Cincinnati,27-348,1994,10.8,27,17,20,5,2,12,23,52.2,11,153,52,34,87,51,15,17,3,0,14,23,50,21,0,Matches,2f91124d
500,Alejandro Pozuelo,es ESP,MFFW,Toronto FC,30-284,1991,14.6,33,21,11,18,4,7,18,38.9,11,290,79,27.2,68,146,76,12,0,0,12,7,40,3,0,Matches,5e1280ff
501,Jack Price,eng ENG,MF,Colorado Rapids,29-194,1992,10.5,17,10,6,10,1,5,13,38.5,8,120,38,31.7,42,64,14,10,0,0,10,14,31,6,0,Matches,6217c92d
502,Ralph Priso-Mbongue,ca CAN,MF,Toronto FC,19-333,2002,3,13,7,6,4,3,6,10,60,4,82,21,25.6,32,43,7,6,2,0,4,6,19,5,0,Matches,acb3e899
503,Kacper Przybyłko,pl POL,FW,Chicago Fire,29-098,1993,11.9,7,6,0,4,3,2,13,15.4,11,156,44,28.2,11,64,81,6,2,0,4,4,11,6,0,Matches,4c53a714
504,Facundo Quignon,ar ARG,MF,FC Dallas,29-060,1993,9.1,31,18,20,10,1,15,25,60,10,206,67,32.5,96,98,12,18,6,0,12,11,42,22,1,Matches,5b33b84c
505,Joshué Quiñónez,ec ECU,DF,FC Dallas,21-280,2000,0.5,2,2,2,0,0,0,1,0,1,6,2,33.3,5,0,1,1,0,0,1,1,3,2,0,Matches,c7305b1d
506,Darwin Quintero,co COL,MFFW,Houston Dynamo,34-285,1987,10.1,9,7,2,4,3,2,15,13.3,13,211,54,25.6,28,96,87,9,1,0,8,8,17,1,0,Matches,0cc00553
507,Jairo Quinteros,bo BOL,DF,Inter Miami,21-144,2001,3.1,4,2,1,2,1,1,3,33.3,2,26,3,11.5,10,14,2,3,1,0,2,10,14,20,0,Matches,8363a7e8
508,Romell Quioto,hn HON,FW,CF Montréal,30-326,1991,10.6,3,2,0,1,2,1,4,25,3,96,28,29.2,2,38,56,9,1,0,8,2,5,7,0,Matches,122e850d
509,Jackson Ragen,us USA,DF,Seattle,23-280,1998,10.4,15,5,13,2,0,5,9,55.6,4,105,29,27.6,65,36,4,19,10,0,9,12,27,64,1,Matches,a3d67f70
510,Ryan Raposo,ca CAN,DF,Vancouver,23-118,1999,7.5,11,7,4,3,4,3,9,33.3,6,111,12,10.8,29,54,28,14,4,0,10,18,29,12,1,Matches,f006a9b3
511,Justin Rasmussen,us USA,DF,Portland Timbers,23-198,1998,7.2,12,4,5,7,0,7,11,63.6,4,61,11,18,33,22,6,8,2,0,6,12,24,19,0,Matches,989ecf23
512,Rayan Raveloson,mg MAD,MF,LA Galaxy,25-166,1997,14.1,22,19,10,7,5,8,21,38.1,13,193,52,26.9,69,86,38,25,6,0,19,17,39,21,1,Matches,fb3236a7
513,Matthew Real,us USA,MF,Philadelphia,22-356,1999,0.1,1,0,0,1,0,0,0,,0,9,4,44.4,3,3,3,1,0,0,1,2,3,0,0,Matches,1c2c030a
514,Rodney Redes,py PAR,FWMF,Austin FC,22-129,2000,0.9,2,1,1,1,0,0,0,,0,27,6,22.2,7,14,6,2,0,0,2,3,5,0,0,Matches,426c3982
515,Benjamin Redzic,us USA,FW,FC Dallas,19-278,2002,0.1,0,0,0,0,0,0,0,,0,6,1,16.7,5,0,1,0,0,0,0,0,0,0,0,Matches,ea8087aa
516,Pierre Reedy,us USA,MF,Real Salt Lake,24-171,1998,0.1,0,0,0,0,0,0,2,0,2,8,1,12.5,3,4,1,1,0,0,1,3,3,0,0,Matches,903f2d95
517,Eric Remedi,ar ARG,MFDF,San Jose,27-027,1995,9.6,31,24,12,14,5,18,37,48.6,19,193,66,34.2,83,96,14,18,3,0,15,15,46,12,0,Matches,38e2cbd6
518,Justin Rennicks,us USA,FW,New England,23-103,1999,3.5,3,1,0,3,0,0,2,0,2,66,20,30.3,6,26,34,3,0,0,3,0,3,1,0,Matches,0aaa1c04
519,Ben Reveno,us USA,MF,New England,23-094,1999,0,0,0,0,0,0,0,0,,0,0,0,,0,0,0,1,1,0,0,0,0,1,0,Matches,6f0a801a
520,Yordy Reyna,pe PER,FWMF,Charlotte FC,28-287,1993,2.8,3,3,1,2,0,2,4,50,2,39,12,30.8,12,15,12,0,0,0,0,4,7,1,0,Matches,eec316d9
521,Andre Reynolds II,us USA,DFMF,Chicago Fire,21-060,2001,1.4,3,2,0,3,0,0,1,0,1,27,5,18.5,10,10,7,1,0,0,1,3,6,2,0,Matches,d46dbe4f
522,Emanuel Reynoso,ar ARG,MFFW,Minnesota Utd,26-227,1995,16.6,26,20,6,15,5,4,25,16,21,349,96,27.5,49,173,127,20,1,0,19,17,43,2,0,Matches,614b26e3
523,Will Richmond,us USA,FW,San Jose,22-086,2000,0.5,1,1,0,1,0,1,2,50,1,11,5,45.5,3,4,4,0,0,0,0,0,1,0,0,Matches,e46ee2e9
524,Tosaint Ricketts,ca CAN,FW,Vancouver,34-329,1987,1.8,1,0,0,1,0,0,1,0,1,34,7,20.6,5,7,22,1,0,0,1,1,2,1,0,Matches,54769358
525,Alexander Ring,fi FIN,MF,Austin FC,31-083,1991,16,25,18,17,6,2,3,32,9.4,29,227,78,34.4,81,108,38,19,5,0,14,23,48,26,1,Matches,6c1221d6
526,Rocco Ríos Novo,ar ARG,GK,Atlanta Utd,20-027,2002,3,0,0,0,0,0,0,0,,0,0,0,,0,0,0,0,0,0,0,0,0,0,0,Matches,f59bd2d3
527,Damien Rivera,us USA,FWMF,New England,19-205,2002,2.8,4,2,2,2,0,2,5,40,3,34,10,29.4,14,14,6,4,0,0,4,2,6,1,0,Matches,2822f3dd
528,Nigel Robertha,nl NED,FWMF,D.C. United,24-138,1998,4.8,2,2,0,2,0,0,4,0,4,74,25,33.8,9,33,32,4,0,0,4,0,2,1,0,Matches,a94bad97
529,Miles Robinson,us USA,DF,Atlanta Utd,25-109,1997,7.3,10,9,5,5,0,2,4,50,2,66,28,42.4,30,34,2,19,9,1,10,10,20,21,0,Matches,782a95d9
530,Robbie Robinson,us USA,FWMF,Inter Miami,23-196,1998,5.4,7,2,5,1,1,4,6,66.7,2,63,11,17.5,26,21,16,3,0,0,3,6,13,2,0,Matches,e0dae99f
531,Harrison Robledo,us USA,MFDF,FC Cincinnati,20-143,2002,0.5,1,1,0,1,0,0,1,0,1,18,6,33.3,7,5,6,4,0,0,4,2,3,0,0,Matches,1f36ce15
532,Abraham Rodriguez,us USA,GK,Colorado Rapids,19-347,2002,0.5,0,0,0,0,0,0,0,,0,0,0,,0,0,0,0,0,0,0,0,0,0,0,Matches,c7e14787
533,Brian Rodríguez,uy URU,FW,Los Angeles FC,22-042,2000,7.2,5,2,0,2,3,2,6,33.3,4,137,35,25.5,13,61,63,11,0,0,11,3,8,0,0,Matches,c86041d7
534,Emerson Rodríguez,co COL,MFFW,Inter Miami,21-310,2000,2.1,3,2,1,0,2,1,3,33.3,2,51,8,15.7,11,21,19,1,0,0,1,3,6,1,0,Matches,09e5ae16
535,Memo Rodriguez,us USA,MFFW,Houston Dynamo,26-186,1995,10.4,17,13,5,9,3,3,21,14.3,18,227,54,23.8,66,105,56,17,1,0,16,16,33,10,1,Matches,fc6c6b2b
536,Santiago Rodríguez,uy URU,MFFW,NYCFC,22-174,2000,12.6,22,17,11,6,5,6,20,30,14,256,76,29.7,53,118,85,13,0,0,13,13,35,4,0,Matches,86dff811
537,Alex Roldan,sv SLV,DF,Seattle,25-338,1996,13.3,29,16,17,10,2,15,34,44.1,19,188,57,30.3,77,72,39,22,3,0,19,33,62,26,1,Matches,1255a82a
538,Cristian Roldan,us USA,FWMF,Seattle,27-028,1995,13.3,21,13,7,9,5,8,22,36.4,14,197,61,31,61,87,49,19,3,0,16,10,31,12,0,Matches,48875649
539,Jhohan Romaña,co COL,DF,Austin FC,23-291,1998,0.5,0,0,0,0,0,0,0,,0,0,0,,0,0,0,0,0,0,0,1,1,2,0,Matches,4e32c2d6
540,David Romney,us USA,DF,Nashville,29-019,1993,15.4,10,4,7,3,0,5,11,45.5,6,96,30,31.3,59,34,3,23,12,0,11,14,24,63,1,Matches,b7b6e781
541,Rafael Romo,ve VEN,GK,D.C. United,32-126,1990,3.5,0,0,0,0,0,0,0,,0,1,0,0,1,0,0,0,0,0,0,0,0,0,0,Matches,8827c189
542,Eloy Room,cw CUW,GK,Columbus Crew,33-145,1989,16,0,0,0,0,0,0,0,,0,0,0,,0,0,0,0,0,0,0,0,0,2,0,Matches,6b33d86b
543,Joseph Rosales,hn HON,MF,Minnesota Utd,21-237,2000,5.5,16,10,6,7,3,8,16,50,8,132,30,22.7,52,62,18,16,3,0,13,20,36,5,0,Matches,6a29d06b
544,Oriol Rosell,es ESP,MF,Sporting KC,29-359,1992,7,18,11,6,9,3,6,15,40,9,120,32,26.7,37,61,22,7,2,0,5,17,35,14,0,Matches,2a17ef3e
545,Keegan Rosenberry,us USA,DF,Colorado Rapids,28-202,1993,16,32,18,15,15,2,12,26,46.2,14,176,50,28.4,63,85,28,19,5,0,14,21,53,28,1,Matches,f940c69e
546,Matheus Rossetto,br BRA,MF,Atlanta Utd,26-028,1996,10.1,20,14,8,8,4,2,12,16.7,10,166,53,31.9,52,79,35,15,3,0,12,18,38,15,0,Matches,daf8c775
547,Paul Rothrock,us USA,FW,Toronto FC,23-173,1999,0.4,2,2,2,0,0,0,0,,0,10,3,30,5,5,0,0,0,0,0,0,2,0,0,Matches,875e8269
548,Kelyn Rowe,us USA,DFMF,Seattle,30-211,1991,8.6,20,9,12,8,0,8,18,44.4,10,123,34,27.6,52,48,23,14,2,0,12,16,36,12,0,Matches,cf928adb
549,Ruan,br BRA,DF,Orlando City,27-033,1995,14.1,15,5,6,4,5,5,11,45.5,6,133,31,23.3,52,51,30,12,2,0,10,19,34,11,1,Matches,f2665f7c
550,Rubio Rubin,us USA,FW,Real Salt Lake,26-122,1996,3.8,0,0,0,0,0,0,0,,0,54,17,31.5,6,25,23,0,0,0,0,0,0,4,0,Matches,9bad7100
551,Diego Rubio,cl CHI,FWMF,Colorado Rapids,29-047,1993,12.5,6,5,1,4,1,0,10,0,10,153,44,28.8,21,71,61,13,4,0,9,8,14,15,1,Matches,3f082234
552,Raúl Ruidíaz,pe PER,FW,Seattle,31-341,1990,6.3,2,1,0,1,1,0,3,0,3,86,21,24.4,5,35,46,3,0,0,3,2,4,1,0,Matches,7a4296e1
553,Pablo Ruíz,ar ARG,MF,Real Salt Lake,23-193,1998,14.5,57,38,30,20,7,22,49,44.9,27,338,129,38.2,104,188,46,26,3,0,23,36,93,10,0,Matches,7368cd70
554,Sergio Ruiz,es ESP,MF,Charlotte FC,27-197,1994,4.8,10,7,4,6,0,3,9,33.3,6,93,26,28,24,55,14,7,0,0,7,9,19,5,0,Matches,1f423a54
555,Albert Rusnák,sk SVK,MF,Seattle,27-359,1994,12.6,13,8,5,6,2,7,20,35,13,151,29,19.2,43,82,26,5,2,0,3,17,30,3,0,Matches,0adeafaa
556,Johnny Russell,sct SCO,FWMF,Sporting KC,32-084,1990,16.5,19,14,5,6,8,4,12,33.3,8,197,48,24.4,38,92,67,17,0,0,17,15,34,25,0,Matches,a30e1562
557,Jacen Russell-Rowe,ca CAN,FW,Columbus Crew,19-291,2002,1.1,1,0,0,1,0,0,0,,0,28,7,25,4,17,7,1,1,0,0,0,1,0,0,Matches,b33c6ed5
558,Zach Ryan,us USA,FW,NY Red Bulls,23-168,1999,0.5,0,0,0,0,0,0,2,0,2,20,2,10,3,4,13,1,0,0,1,0,0,1,0,Matches,74ba46bc
559,Ryan Sailor,us USA,DF,Inter Miami,23-216,1998,5.7,9,8,9,0,0,4,8,50,4,60,25,41.7,41,18,1,14,6,0,8,6,15,51,0,Matches,4924d9bb
560,Carlos Salcedo,mx MEX,DF,Toronto FC,28-275,1993,11.8,13,5,8,5,0,3,9,33.3,6,91,32,35.2,57,28,6,26,11,0,15,41,54,46,0,Matches,64c07ae1
561,Shea Salinas,us USA,FWDF,San Jose,36-007,1986,0.4,2,2,0,2,0,1,1,100,0,8,3,37.5,3,4,1,2,0,0,2,2,4,0,0,Matches,4c10838d
562,Dániel Sallói,hu HUN,FWMF,Sporting KC,25-347,1996,12.9,2,0,1,0,1,1,2,50,1,152,41,27,15,56,81,7,1,0,6,9,11,7,0,Matches,6fcddf5f
563,Gaoussou Samaké,ci CIV,DF,D.C. United,24-239,1997,0.6,3,1,3,0,0,1,2,50,1,13,2,15.4,7,5,1,4,0,0,4,3,6,0,0,Matches,ae760cf4
564,Ilie Sánchez,es ESP,MF,Los Angeles FC,31-222,1990,16.4,31,22,13,13,5,18,38,47.4,20,252,74,29.4,80,135,37,27,9,0,18,39,70,30,0,Matches,72979f65
565,William Sands,us USA,DF,Columbus Crew,21-360,2000,1.5,3,1,1,1,1,2,2,100,0,16,3,18.8,8,7,1,4,1,0,3,2,5,6,0,Matches,960a4473
566,Sergio Santos Gomes,br BRA,FW,Philadelphia,27-300,1994,6.8,13,11,0,6,7,1,3,33.3,2,175,54,30.9,7,53,115,7,1,0,6,4,17,3,0,Matches,a930b263
567,Koa Santos,us USA,MF,Charlotte FC,22-283,1999,0.6,2,0,2,0,0,1,2,50,1,30,7,23.3,13,12,5,0,0,0,0,0,2,0,0,Matches,c09ddc5e
568,Pedro Santos,pt POR,DF,Columbus Crew,34-070,1988,13.6,69,38,42,23,4,32,61,52.5,29,227,68,30,120,86,21,36,6,1,30,30,99,25,0,Matches,789da0f2
569,C.J. Sapong,us USA,FW,Nashville,33-186,1988,14.8,9,4,2,5,2,4,8,50,4,231,61,26.4,18,113,100,13,2,0,11,8,17,7,0,Matches,ef4e4c5d
570,Jefferson Savarino,ve VEN,MF,Real Salt Lake,25-232,1996,2.5,7,6,3,2,2,0,0,,0,41,16,39,11,15,15,3,0,0,3,3,10,1,0,Matches,91721722
571,Rodrigo Schlegel,ar ARG,DF,Orlando City,25-089,1997,10.8,24,15,17,6,1,11,29,37.9,18,112,38,33.9,61,44,7,29,13,0,16,18,42,53,0,Matches,5bb02df4
572,Tate Schmitt,us USA,DF,Real Salt Lake,25-034,1997,8.9,19,11,8,8,3,8,16,50,8,115,35,30.4,41,48,26,13,1,0,12,20,39,15,1,Matches,fa21bbc8
573,Eddie Segura,co COL,DF,Los Angeles FC,25-149,1997,0,0,0,0,0,0,0,0,,0,1,1,100,0,1,0,0,0,0,0,0,0,0,0,Matches,c70e3fe0
574,Amar Sejdic,us USA,MF,Atlanta Utd,25-214,1996,5.6,15,8,4,8,3,6,9,66.7,3,116,33,28.4,30,60,26,10,1,0,9,6,21,5,0,Matches,43ca2019
575,Boris Sekulić,sk SVK,DF,Chicago Fire,30-253,1991,16.1,29,17,11,12,6,16,21,76.2,5,151,47,31.1,45,76,30,18,5,0,13,32,61,29,0,Matches,adf26bd4
576,Brandon Servania,us USA,MF,FC Dallas,23-111,1999,10.9,25,15,13,10,2,11,19,57.9,8,229,62,27.1,80,112,37,16,3,0,13,12,37,3,0,Matches,4d825a2d
577,Jacob Shaffelburg,ca CAN,DF,Toronto FC,22-217,1999,6.1,13,8,6,4,3,5,9,55.6,4,120,40,33.3,53,45,22,12,0,0,12,17,30,9,0,Matches,339a2561
578,Xherdan Shaqiri,ch SUI,MFFW,Chicago Fire,30-264,1991,12.1,13,9,0,7,6,2,7,28.6,5,110,34,30.9,10,51,49,2,0,0,2,5,18,2,0,Matches,6421ec64
579,Brek Shea,us USA,DF,Inter Miami,32-123,1990,1.6,1,1,1,0,0,0,3,0,3,17,6,35.3,6,9,2,0,0,0,0,3,4,2,0,Matches,adb6ae24
580,Khiry Shelton,us USA,FW,Sporting KC,29-005,1993,11.2,7,6,0,4,3,3,7,42.9,4,307,81,26.4,7,122,178,8,0,0,8,2,9,7,0,Matches,f935709c
581,Andre Shinyashiki,br BRA,FWMF,Colorado Rapids,27-020,1995,2.4,5,3,2,2,1,2,5,40,3,68,20,29.4,13,39,16,1,0,0,1,3,8,2,0,Matches,8c395868
582,Andre Shinyashiki,br BRA,MFFW,Charlotte FC,27-020,1995,5.6,11,6,4,5,2,5,12,41.7,7,107,26,24.3,26,48,33,8,0,0,8,4,15,0,0,Matches,8c395868
583,Bobby Shuttleworth,us USA,GK,Atlanta Utd,35-049,1987,6.2,0,0,0,0,0,0,0,,0,1,0,0,1,0,0,0,0,0,0,0,0,0,0,Matches,4598ac94
584,Marcelo Silva,uy URU,DF,Real Salt Lake,33-102,1989,15.8,24,14,17,7,0,9,14,64.3,5,113,41,36.3,78,31,4,22,7,0,15,32,56,65,1,Matches,b9596515
585,Jack Skahan,us USA,MFDF,San Jose,24-144,1998,0,0,0,0,0,0,0,0,,0,3,1,33.3,0,2,1,0,0,0,0,0,0,0,0,Matches,9c07bdc7
586,Drew Skundrich,us USA,MF,D.C. United,26-287,1995,4.9,9,6,3,5,1,4,11,36.4,7,149,35,23.5,36,81,32,7,1,0,6,6,15,6,0,Matches,51f50135
587,Gabriel Slonina,us USA,GK,Chicago Fire,18-047,2004,17,0,0,0,0,0,0,0,,0,2,0,0,2,0,0,0,0,0,0,0,0,0,2,Matches,c55a846e
588,Brad Smith,au AUS,DF,D.C. United,28-083,1994,12.1,24,11,15,7,2,10,32,31.3,22,215,59,27.4,89,86,40,25,2,0,23,26,50,14,0,Matches,c76c717c
589,Kimarni Smith,eng ENG,DF,D.C. United,24-109,1998,0.4,2,1,0,1,1,2,2,100,0,9,4,44.4,1,6,2,0,0,0,0,2,4,0,0,Matches,bbbb244b
590,Kyle Smith,us USA,DF,Orlando City,30-173,1992,6.2,14,8,13,1,0,8,16,50,8,101,30,29.7,57,28,16,14,3,0,11,8,22,39,0,Matches,9e6b2ec3
591,Jan Sobociński,pl POL,DF,Charlotte FC,23-103,1999,0.1,0,0,0,0,0,0,0,,0,1,0,0,0,1,0,0,0,0,0,0,0,3,0,Matches,5358009d
592,Santiago Sosa,ar ARG,MF,Atlanta Utd,23-059,1999,3.6,7,5,3,3,1,1,4,25,3,45,11,24.4,13,23,9,3,1,0,2,8,15,3,0,Matches,f080dd22
593,Ryan Spaulding,us USA,DF,New England,23-294,1998,2.1,5,2,4,1,0,4,6,66.7,2,28,9,32.1,17,8,3,6,2,0,4,8,13,7,0,Matches,9fda5cd3
594,Steven Sserwadda,ug UGA,MF,NY Red Bulls,19-307,2002,0.1,0,0,0,0,0,0,0,,0,1,0,0,0,1,0,0,0,0,0,0,0,0,0,Matches,bddc8df4
595,Dayne St. Clair,ca CAN,GK,Minnesota Utd,25-053,1997,15,1,1,1,0,0,1,2,50,1,4,1,25,4,0,0,0,0,0,0,0,1,0,0,Matches,3f41d25f
596,Mason Stajduhar,us USA,GK,Orlando City,24-211,1997,1,0,0,0,0,0,0,0,,0,0,0,,0,0,0,0,0,0,0,0,0,0,0,Matches,f01df62c
597,Daniel Steres,us USA,DF,Houston Dynamo,31-232,1990,6.5,10,6,9,1,0,3,4,75,1,43,11,25.6,30,12,1,9,6,0,3,7,17,36,0,Matches,17c03c76
598,Jared Stroud,us USA,MF,Austin FC,25-356,1996,0.3,1,0,1,0,0,0,2,0,2,16,3,18.8,3,10,3,1,0,0,1,0,1,0,0,Matches,5d018899
599,Brad Stuver,us USA,GK,Austin FC,31-076,1991,14.1,0,0,0,0,0,0,0,,0,3,1,33.3,3,0,0,1,0,0,1,0,0,0,1,Matches,6a1940d5
600,Quinn Sullivan,us USA,MFFW,Philadelphia,18-096,2004,1.8,5,3,1,2,2,2,4,50,2,60,10,16.7,11,28,21,3,0,0,3,2,7,3,0,Matches,92f62cfe
601,Ben Sweat,us USA,DF,Sporting KC,30-300,1991,6.4,7,5,4,2,1,0,9,0,9,75,18,24,27,30,18,10,2,0,8,6,13,10,0,Matches,6937b1ac
602,Karol Świderski,pl POL,FW,Charlotte FC,25-159,1997,13.1,12,8,0,5,7,3,10,30,7,189,58,30.7,10,63,116,9,1,0,8,7,19,2,0,Matches,41723204
603,Ismael Tajouri-Shradi,ly LBY,FWMF,Los Angeles FC,28-095,1994,1.8,1,0,0,0,1,1,1,100,0,17,6,35.3,4,3,10,1,0,0,1,1,2,0,0,Matches,ef4249ff
604,Andrew Tarbell,us USA,GK,Austin FC,28-267,1993,2.9,0,0,0,0,0,0,0,,0,1,0,0,1,0,0,0,0,0,0,0,0,0,0,Matches,c5487a34
605,D.J. Taylor,us USA,DF,Minnesota Utd,24-309,1997,8.6,18,9,13,4,1,5,12,41.7,7,95,27,28.4,45,39,11,21,5,0,16,16,34,28,0,Matches,ed4dc7f4
606,Robert Taylor,fi FIN,MFFW,Inter Miami,27-253,1994,11.2,7,3,2,4,1,4,14,28.6,10,127,28,22,32,53,42,12,1,0,11,19,26,4,0,Matches,1fc0973f
607,Russell Teibert,ca CAN,MF,Vancouver,29-191,1992,11.4,24,13,12,7,5,5,16,31.3,11,259,63,24.3,107,101,51,9,0,0,9,29,53,12,0,Matches,674befe9
608,Carlos Terán,co COL,DF,Chicago Fire,21-280,2000,5,6,6,4,2,0,0,2,0,2,43,12,27.9,27,16,0,9,3,0,6,10,16,17,0,Matches,324509e2
609,Dylan Teves,us USA,FW,Seattle,22-048,2000,0.2,0,0,0,0,0,0,0,,0,3,0,0,1,1,1,0,0,0,0,1,1,0,0,Matches,f68ed3ba
610,Thiago,br BRA,FW,NYCFC,21-243,2000,7.4,21,10,7,10,4,3,9,33.3,6,135,36,26.7,29,63,43,14,0,0,14,11,32,5,0,Matches,6adb0b79
611,Kosi Thompson,ca CAN,DFMF,Toronto FC,19-155,2003,11.4,21,13,10,10,1,8,16,50,8,180,54,30,80,65,35,31,11,0,20,24,45,31,0,Matches,517bef8b
612,Tommy Thompson,us USA,DF,San Jose,26-320,1995,3.7,8,4,6,1,1,6,9,66.7,3,45,14,31.1,19,13,13,8,1,0,7,9,17,4,0,Matches,5f6c69d8
613,Anton Tinnerholm,se SWE,DF,NYCFC,31-125,1991,0.5,0,0,0,0,0,0,0,,0,1,0,0,0,1,0,1,0,0,1,0,0,0,0,Matches,0fe96099
614,John Tolkin,us USA,DF,NY Red Bulls,19-335,2002,15.7,55,24,22,25,8,27,50,54,23,272,92,33.8,104,123,45,28,2,0,26,38,93,28,0,Matches,5e88c524
615,Nouhou Tolo,cm CMR,DF,Seattle,25-008,1997,12.4,20,10,13,4,3,10,24,41.7,14,115,37,32.2,63,44,8,25,11,0,14,40,60,40,1,Matches,0796512f
616,Facundo Torres,uy URU,FW,Orlando City,22-079,2000,14.1,21,15,8,7,6,7,13,53.8,6,275,67,24.4,62,128,85,16,2,0,14,19,40,10,0,Matches,4de3b2c0
617,Jairo Torres,mx MEX,FWMF,Chicago Fire,21-361,2000,1.8,1,1,0,1,0,0,2,0,2,12,3,25,0,9,3,1,0,0,1,0,1,0,0,Matches,7ed56490
618,Joaquín Torres,ar ARG,MFFW,CF Montréal,25-154,1997,9.2,5,4,1,1,3,2,5,40,3,114,36,31.6,19,33,62,8,0,0,8,6,11,1,0,Matches,c82dcb70
619,Dantouma Toure,gn GUI,FW,Colorado Rapids,18-019,2004,0,0,0,0,0,0,0,1,0,1,3,0,0,2,0,1,0,0,0,0,0,0,0,0,Matches,b5d2014f
620,Mason Toye,us USA,FWMF,CF Montréal,23-258,1998,0.8,0,0,0,0,0,0,0,,0,15,3,20,0,3,12,0,0,0,0,0,0,1,0,Matches,0aa41f67
621,Wil Trapp,us USA,MF,Minnesota Utd,29-167,1993,13,45,24,24,19,2,20,37,54.1,17,332,89,26.8,138,172,22,28,3,0,25,34,79,21,0,Matches,9bf9391c
622,Daniel Trejo,us USA,FW,Los Angeles FC,24-063,1998,0.2,0,0,0,0,0,0,0,,0,3,1,33.3,1,2,0,0,0,0,0,0,0,0,0,Matches,1312c534
623,Auston Trusty,us USA,DF,Colorado Rapids,23-323,1998,15,24,12,10,11,3,10,12,83.3,2,160,55,34.4,72,71,17,22,11,0,11,29,53,37,0,Matches,cddf767b
624,Niko Tsakiris,us USA,MF,San Jose,17-012,2005,0.5,1,1,1,0,0,0,0,,0,11,5,45.5,4,5,2,0,0,0,0,1,2,0,0,Matches,cb501677
625,Bill Tuiloma,nz NZL,DF,Portland Timbers,27-096,1995,14.2,15,12,12,3,0,2,4,50,2,109,45,41.3,62,37,10,33,20,0,13,37,52,81,0,Matches,bf547c54
626,Matt Turner,us USA,GK,New England,28-007,1994,5,0,0,0,0,0,0,0,,0,1,0,0,1,0,0,0,0,0,0,0,0,0,0,Matches,4a51ba65
627,Ema Twumasi,gh GHA,DF,FC Dallas,25-044,1997,10.7,19,11,14,5,0,9,13,69.2,4,105,30,28.6,54,38,13,13,2,0,11,17,36,12,0,Matches,9ca4b140
628,Marinos Tzionis,cy CYP,FWMF,Sporting KC,20-350,2001,5.3,2,2,1,1,0,1,4,25,3,80,20,25,12,34,34,1,0,0,1,5,7,5,0,Matches,b004076a
629,Mikael Uhre,dk DEN,FW,Philadelphia,27-274,1994,6.3,2,1,0,2,0,0,2,0,2,84,17,20.2,4,34,46,7,1,0,6,2,4,7,0,Matches,be84c466
630,Þorleifur Úlfarsson,is ISL,FWMF,Houston Dynamo,21-186,2000,6.3,3,2,1,2,0,1,7,14.3,6,136,45,33.1,21,58,57,8,3,0,5,3,6,9,0,Matches,7e1046fa
631,Victor Ulloa,us USA,MFDF,Inter Miami,30-119,1992,2.2,4,2,0,4,0,2,3,66.7,1,30,6,20,6,16,8,3,1,0,2,3,7,0,0,Matches,e7056f05
632,Maximiliano Urruti,ar ARG,FW,Austin FC,31-129,1991,12.9,21,14,6,11,4,8,18,44.4,10,336,97,28.9,36,132,168,10,1,0,9,8,29,4,0,Matches,6c8fb474
633,Júnior Urso,br BRA,MFFW,Orlando City,33-113,1989,13.9,25,16,13,8,4,8,19,42.1,11,229,65,28.4,90,103,36,17,3,0,14,24,49,7,0,Matches,b40424f1
634,Jhojan Valencia,co COL,MF,Austin FC,25-339,1996,3,12,9,8,4,0,1,7,14.3,6,91,28,30.8,42,42,7,5,1,0,4,6,18,6,0,Matches,3fbe573e
635,Zarek Valentin,pr PUR,DF,Houston Dynamo,30-329,1991,1.4,2,1,0,1,1,0,3,0,3,11,4,36.4,5,3,3,2,1,0,1,4,6,1,0,Matches,f0d23e7b
636,Gustavo Vallecilla,ec ECU,DF,Colorado Rapids,23-034,1999,1.4,5,4,3,1,1,2,4,50,2,18,10,55.6,8,9,1,2,1,0,1,4,9,2,0,Matches,2ce88662
637,José Van Rankin,mx MEX,DF,Portland Timbers,29-048,1993,13.8,30,18,20,7,3,15,42,35.7,27,185,60,32.4,110,63,12,21,3,0,18,18,48,50,1,Matches,09ce2ebe
638,Kerwin Vargas,co COL,MFFW,Charlotte FC,20-180,2002,0.7,1,0,0,0,1,0,0,,0,14,3,21.4,1,5,8,0,0,0,0,1,2,1,0,Matches,758de7b4
639,Obed Vargas,us USA,MF,Seattle,16-330,2005,9.5,20,16,10,6,4,3,13,23.1,10,175,51,29.1,61,88,26,12,5,0,7,13,33,10,0,Matches,9cc1fde4
640,Indiana Vassilev,us USA,FWMF,Inter Miami,21-135,2001,3.8,1,0,0,1,0,0,11,0,11,71,14,19.7,26,31,14,2,1,0,1,4,5,1,1,Matches,04e195ee
641,Brandon Vazquez,us USA,FW,FC Cincinnati,23-260,1998,14.8,8,6,2,2,4,0,13,0,13,289,81,28,31,107,151,18,4,0,14,6,14,11,0,Matches,c570cf22
642,Víctor Vázquez,es ESP,MFFW,LA Galaxy,35-162,1987,5.9,5,4,0,4,1,3,8,37.5,5,83,24,28.9,15,32,36,4,0,0,4,9,14,5,0,Matches,6c564d36
643,Carlos Vela,mx MEX,FWMF,Los Angeles FC,33-122,1989,13.8,8,6,2,3,3,3,15,20,12,162,50,30.9,24,57,81,8,0,0,8,5,13,6,0,Matches,e0cd04e0
644,Alan Velasco,ar ARG,FW,FC Dallas,19-339,2002,9.6,10,5,6,2,2,3,16,18.8,13,161,38,23.6,40,64,57,16,0,0,16,11,21,1,0,Matches,16349210
645,Matías Vera,ar ARG,MF,Houston Dynamo,26-248,1995,12.6,23,19,13,8,2,8,28,28.6,20,220,53,24.1,111,87,22,19,3,0,16,17,40,6,1,Matches,fe529f25
646,Ranko Veselinović,rs SRB,DF,Vancouver,23-099,1999,15.9,17,14,14,2,1,6,14,42.9,8,96,36,37.5,74,21,1,19,10,1,9,23,40,95,1,Matches,366609b6
647,Pedro Vite,ec ECU,MF,Vancouver,20-114,2002,3.5,5,2,2,3,0,4,8,50,4,105,18,17.1,32,42,31,2,0,0,2,3,8,1,0,Matches,9c146b36
648,Robert Voloder,ba BIH,DF,Sporting KC,21-053,2001,5.4,6,2,4,2,0,2,4,50,2,34,12,35.3,21,12,1,5,3,0,2,14,20,11,0,Matches,33d9d789
649,Nikola Vujnović,me MNE,FW,Sporting KC,25-171,1997,3.7,4,2,0,2,2,0,2,0,2,71,18,25.4,6,31,34,9,3,0,6,1,5,1,0,Matches,128d62ba
650,Kai Wagner,de GER,DF,Philadelphia,25-136,1997,17,29,17,21,7,1,13,26,50,13,205,56,27.3,95,90,20,50,4,0,46,38,67,40,2,Matches,fdc715d9
651,Anton Walkes,eng ENG,DF,Charlotte FC,25-143,1997,4.6,6,4,4,2,0,2,3,66.7,1,23,9,39.1,15,8,0,4,0,0,4,10,16,20,0,Matches,8a062bba
652,Rémi Walter,fr FRA,MF,Sporting KC,27-066,1995,17.2,34,26,10,19,5,13,22,59.1,9,268,81,30.2,57,159,52,24,2,0,22,35,69,16,0,Matches,0984c5d5
653,Victor Wanyama,ke KEN,MF,CF Montréal,31-006,1991,15.4,28,19,8,19,1,7,22,31.8,15,249,79,31.7,81,142,26,24,2,0,22,19,47,23,1,Matches,e0900238
654,Collen Warner,us USA,MF,Colorado Rapids,34-007,1988,2.6,5,4,2,3,0,2,8,25,6,54,16,29.6,25,24,5,4,2,0,2,4,9,5,0,Matches,75babbce
655,Taylor Washington,us USA,DFMF,Nashville,28-319,1993,4.5,4,2,2,2,0,3,9,33.3,6,43,7,16.3,26,10,7,12,0,0,12,11,15,7,0,Matches,480d3bcc
656,Joel Waterman,ca CAN,DF,CF Montréal,26-158,1996,14.8,22,9,17,5,0,10,17,58.8,7,112,28,25,55,53,4,19,3,0,16,34,56,39,1,Matches,47ddcc22
657,Quentin Westberg,us USA,GK,Toronto FC,36-067,1986,3,0,0,0,0,0,0,0,,0,0,0,,0,0,0,0,0,0,0,0,0,0,0,Matches,5480ae05
658,Brian White,us USA,FW,Vancouver,26-148,1996,7.9,8,4,2,2,4,4,10,40,6,168,36,21.4,7,73,88,5,2,0,3,2,10,3,0,Matches,54c948de
659,Caleb Wiley,us USA,DFFW,Atlanta Utd,17-191,2004,5.2,12,7,4,5,3,2,3,66.7,1,67,24,35.8,26,21,20,9,0,0,9,10,22,11,0,Matches,64796fe0
660,Derrick Williams,ie IRL,DF,LA Galaxy,29-165,1993,11.1,7,4,5,2,0,3,9,33.3,6,66,23,34.8,35,25,6,17,9,1,8,16,23,55,0,Matches,c0a28fbd
661,Josh Williams,us USA,DF,Columbus Crew,34-074,1988,6.6,3,3,1,2,0,0,2,0,2,17,7,41.2,8,9,0,10,5,0,5,13,16,33,1,Matches,06098bfc
662,Thomas Williams,us USA,DF,Orlando City,17-320,2004,2,3,2,3,0,0,0,2,0,2,29,6,20.7,17,12,0,1,0,0,1,1,4,6,0,Matches,d46d1cdd
663,Eryk Williamson,us USA,MFFW,Portland Timbers,25-020,1997,5.6,11,7,3,7,1,0,1,0,1,99,20,20.2,30,47,22,5,0,0,5,7,18,10,0,Matches,e0364352
664,Joe Willis,us USA,GK,Nashville,33-325,1988,16,0,0,0,0,0,0,0,,0,2,0,0,2,0,0,1,0,0,1,0,0,0,2,Matches,467f09c8
665,Danny Wilson,sct SCO,DF,Colorado Rapids,30-186,1991,10.5,11,9,7,4,0,5,14,35.7,9,73,31,42.5,36,37,0,23,14,0,9,9,20,49,0,Matches,9cfe9254
666,Owen Wolff,us USA,FWMF,Austin FC,17-183,2004,5.4,11,5,4,5,2,2,6,33.3,4,133,31,23.3,31,63,39,9,1,0,8,6,17,6,0,Matches,9edc70d6
667,Tyler Wolff,us USA,FWMF,Atlanta Utd,19-138,2003,2.8,3,1,1,1,1,1,5,20,4,59,13,22,7,26,26,6,0,0,6,4,7,0,0,Matches,0985c282
668,Bobby Wood,us USA,FW,Real Salt Lake,29-228,1992,10.9,7,6,1,2,4,1,2,50,1,140,37,26.4,13,53,74,6,1,0,5,3,10,11,0,Matches,9853983f
669,Darren Yapi,us USA,FW,Colorado Rapids,17-224,2004,0,0,0,0,0,0,0,0,,0,2,0,0,0,1,1,0,0,0,0,0,0,0,0,Matches,63abd734
670,William Yarbrough,us USA,GK,Colorado Rapids,33-103,1989,15.5,0,0,0,0,0,0,2,0,2,4,1,25,4,0,0,0,0,0,0,0,0,0,0,Matches,ec646e88
671,Dru Yearwood,eng ENG,MF,NY Red Bulls,22-134,2000,10.8,32,21,11,17,4,12,44,27.3,32,291,94,32.3,82,156,53,18,2,0,16,26,58,14,0,Matches,2eb09121
672,Steffen Yeattes,ca CAN,MF,Toronto FC,22-178,2000,0.4,1,0,1,0,0,0,2,0,2,16,2,12.5,5,7,4,1,0,0,1,1,2,0,0,Matches,bf89f7a7
673,Yaw Yeboah,gh GHA,FW,Columbus Crew,25-095,1997,8.1,18,13,6,9,3,6,16,37.5,10,162,44,27.2,41,65,56,11,0,0,11,4,22,1,0,Matches,36292031
674,DeAndre Yedlin,us USA,DF,Inter Miami,28-357,1993,15.3,33,16,17,10,6,11,30,36.7,19,164,54,32.9,79,61,24,32,5,0,27,26,59,32,0,Matches,ae0a7ddf
675,Griffin Yow,us USA,MFFW,D.C. United,19-279,2002,3,7,4,1,4,2,4,6,66.7,2,86,23,26.7,15,31,40,7,0,0,7,0,7,0,0,Matches,ddd5cf39
676,Jackson Yueill,us USA,MFDF,San Jose,25-104,1997,13.7,18,13,7,6,5,9,21,42.9,12,181,64,35.4,60,89,32,21,6,0,15,27,45,18,1,Matches,7dce16bf
677,Gyasi Zardes,us USA,FW,Colorado Rapids,30-302,1991,6.4,2,1,0,2,0,0,1,0,1,85,23,27.1,9,26,50,7,2,0,5,2,4,5,0,Matches,09ae7f92
678,Gyasi Zardes,us USA,FW,Columbus Crew,30-302,1991,2.3,2,1,0,2,0,0,0,,0,29,12,41.4,1,9,19,0,0,0,0,0,2,3,0,Matches,09ae7f92
679,Eriq Zavaleta,sv SLV,DF,LA Galaxy,29-333,1992,0.7,0,0,0,0,0,0,1,0,1,9,5,55.6,6,3,0,0,0,0,0,0,0,7,0,Matches,edbfbb3f
680,Sean Zawadzki,us USA,MF,Columbus Crew,22-071,2000,1.7,3,2,2,1,0,1,5,20,4,49,15,30.6,18,28,3,2,0,0,2,7,10,4,0,Matches,380ee265
681,Zeca,br BRA,DF,Houston Dynamo,28-046,1994,8.6,27,14,21,6,0,8,24,33.3,16,130,42,32.3,73,39,18,16,6,0,10,14,41,16,0,Matches,c816eea6
682,Gedion Zelalem,us USA,MF,NYCFC,25-156,1997,0.9,1,0,0,1,0,1,3,33.3,2,15,4,26.7,7,7,1,4,2,0,2,3,4,3,0,Matches,b15ac68f
683,Lucas Zelarayán,am ARM,MFFW,Columbus Crew,30-011,1992,10.3,12,7,4,5,3,3,11,27.3,8,153,39,25.5,18,82,53,2,0,0,2,16,28,1,0,Matches,3ce30893
684,Walker Zimmerman,us USA,DF,Nashville,29-043,1993,13.5,23,16,18,5,0,10,18,55.6,8,121,51,42.1,81,33,7,14,7,0,7,24,47,72,0,Matches,220fa883
685,Rida Zouhir,ca CAN,MF,CF Montréal,18-220,2003,1.3,2,2,2,0,0,0,1,0,1,28,7,25,8,13,7,0,0,0,0,1,3,0,0,Matches,e1e65f24
686,Ethan Zubak,us USA,FW,Nashville,24-077,1998,1.2,1,0,0,1,0,0,0,,0,21,5,23.8,1,6,14,1,0,0,1,0,1,0,0,Matches,9f39b6cf
687,Dario Župarić,ba BIH,DF,Portland Timbers,30-059,1992,10.4,7,3,7,0,0,1,5,20,4,74,27,36.5,52,19,3,6,2,0,4,16,23,38,0,Matches,c6f99e42
688,Graham Zusi,us USA,DF,Sporting KC,35-317,1986,12,13,7,8,3,2,8,15,53.3,7,108,31,28.7,44,48,16,23,3,0,20,28,41,24,0,Matches,9ba42447
689,Róbert Þorkelsson,is ISL,DFMF,CF Montréal,20-089,2002,0.8,2,1,0,1,1,1,1,100,0,12,2,16.7,4,5,3,0,0,0,0,2,4,0,0,Matches,0eb8ad80
