ID,Player,Nation,Pos,Squad,Age,Born,MP,Starts,Min,90s,Gls,Ast,G-PK,PK,PKatt,CrdY,CrdR,Gls/90,Ast/90,G+A/90,G-PK/90,G+A-PK/90,xG,npxG,xA,npxG+xA,xG2,xA3,xG+xA,npxG4,npxG+xA5
1,Paxten Aaronson,us USA,FWMF,Philadelphia,18-309,2003,9,1,190,2.1,0,0,0,0,0,1,0,0,0,0,0,0,0.1,0.1,0.5,0.6,0.04,0.24,0.28,0.04,0.28
2,Lalas Abubakar,gh GHA,DF,Colorado Rapids,27-188,1994,15,15,1264,14,1,0,1,0,0,5,0,0.07,0,0.07,0.07,0.07,1.1,1.1,0.1,1.1,0.08,0,0.08,0.08,0.08
3,Nicolás Acevedo,uy URU,MFDF,NYCFC,23-078,1999,15,12,1034,11.5,0,0,0,0,0,4,0,0,0,0,0,0,0.3,0.3,0.3,0.6,0.02,0.03,0.05,0.02,0.05
4,Ifunanyachi Achara,us USA,FWMF,Toronto FC,24-276,1997,7,0,238,2.6,0,0,0,0,0,1,0,0,0,0,0,0,0.3,0.3,0.1,0.4,0.13,0.04,0.17,0.13,0.17
5,Bryan Acosta,hn HON,MF,Colorado Rapids,28-219,1993,11,8,688,7.6,0,0,0,0,0,5,0,0,0,0,0,0,0.4,0.4,0.4,0.9,0.06,0.05,0.11,0.06,0.11
6,George Acosta,us USA,MF,Inter Miami,22-163,2000,1,0,7,0.1,0,0,0,0,0,0,0,0,0,0,0,0,0.1,0.1,0,0.1,0.92,0,0.92,0.92,0.92
7,Kellyn Acosta,us USA,MFDF,Los Angeles FC,26-342,1995,17,14,1282,14.2,1,0,1,0,0,4,0,0.07,0,0.07,0.07,0.07,0.8,0.8,1.1,1.8,0.05,0.08,0.13,0.05,0.13
8,Luciano Acosta,ar ARG,MF,FC Cincinnati,28-031,1994,17,15,1356,15.1,6,5,4,2,3,3,0,0.4,0.33,0.73,0.27,0.6,6.1,3.8,6.2,10,0.41,0.41,0.82,0.25,0.67
9,Mo Adams,eng ENG,MF,Inter Miami,25-281,1996,8,5,354,3.9,0,0,0,0,0,3,0,0,0,0,0,0,0,0,0,0,0,0,0,0,0
10,Samuel Adeniran,us USA,FWMF,Seattle,23-274,1998,2,1,73,0.8,0,0,0,0,0,0,0,0,0,0,0,0,0,0,0,0,0.06,0,0.06,0.06,0.06
11,Harrison Afful,gh GHA,DFMF,Charlotte FC,35-342,1986,8,3,345,3.8,0,0,0,0,0,2,0,0,0,0,0,0,0.1,0.1,0,0.1,0.02,0.01,0.03,0.02,0.03
12,Oskar Ågren,se SWE,DF,San Jose,23-294,1998,1,1,90,1,0,0,0,0,0,0,0,0,0,0,0,0,0,0,0,0,0.05,0,0.05,0.05,0.05
13,Daniel Aguirre,us USA,MFFW,LA Galaxy,22-364,1999,5,1,125,1.4,0,1,0,0,0,0,0,0,0.72,0.72,0,0.72,0.2,0.2,0.7,0.8,0.14,0.47,0.61,0.14,0.61
14,Ali Ahmed,ca CAN,DF,Vancouver,21-264,2000,1,0,34,0.4,0,0,0,0,0,0,0,0,0,0,0,0,0,0,0,0,0,0.03,0.03,0,0.03
15,Arnaud Ake,ci CIV,FW,Nashville,24-091,1998,16,0,270,3,1,0,1,0,0,0,0,0.33,0,0.33,0.33,0.33,0.7,0.7,0.5,1.2,0.24,0.16,0.4,0.24,0.4
16,Tesho Akindele,ca CAN,FW,Orlando City,30-092,1992,12,1,232,2.6,0,0,0,0,0,0,0,0,0,0,0,0,0.2,0.2,0.4,0.6,0.1,0.15,0.24,0.1,0.24
17,Ayo Akinola,ca CAN,FW,Toronto FC,22-162,2000,9,5,460,5.1,1,0,1,0,0,1,0,0.2,0,0.2,0.2,0.2,1.2,1.2,0.5,1.7,0.23,0.11,0.34,0.23,0.34
18,Jordy Alcivar,ec ECU,MF,Charlotte FC,22-330,1999,14,10,871,9.7,1,1,1,0,0,4,0,0.1,0.1,0.21,0.1,0.21,0.8,0.8,1.6,2.4,0.08,0.17,0.25,0.08,0.25
19,Caio Alexandre,br BRA,MF,Vancouver,23-127,1999,2,0,61,0.7,0,0,0,0,0,2,0,0,0,0,0,0,0.1,0.1,0,0.1,0.11,0.02,0.13,0.11,0.13
20,Tony Alfaro,us USA,DF,D.C. United,29-016,1993,7,3,285,3.2,0,0,0,0,0,1,0,0,0,0,0,0,0,0,0,0,0,0,0,0,0
21,Noah Allen,us USA,DFMF,Inter Miami,18-064,2004,7,3,316,3.5,0,0,0,0,0,0,0,0,0,0,0,0,0.1,0.1,0,0.1,0.02,0,0.02,0.02,0.02
22,Thiago Almada,ar ARG,FWMF,Atlanta Utd,21-066,2001,11,9,888,9.9,3,2,3,0,0,2,1,0.3,0.2,0.51,0.3,0.51,2.4,2.4,2.5,4.9,0.24,0.26,0.5,0.24,0.5
23,Osvaldo Alonso,cu CUB,MF,Atlanta Utd,36-232,1985,4,4,331,3.7,0,0,0,0,0,2,0,0,0,0,0,0,0,0,0,0.1,0.01,0.01,0.02,0.01,0.02
24,Jozy Altidore,us USA,FW,New England,32-237,1989,14,3,492,5.5,1,0,1,0,0,1,0,0.18,0,0.18,0.18,0.18,1.6,1.6,0.4,2,0.29,0.08,0.37,0.29,0.37
25,Efrain Alvarez,mx MEX,FWMF,LA Galaxy,20-012,2002,15,8,897,10,2,1,2,0,0,1,0,0.2,0.1,0.3,0.2,0.3,2.5,2.5,2.1,4.6,0.25,0.21,0.46,0.25,0.46
26,Luis Amarilla,py PAR,FW,Minnesota Utd,26-310,1995,16,11,964,10.7,3,0,3,0,0,2,0,0.28,0,0.28,0.28,0.28,3.3,3.3,0.8,4.1,0.31,0.08,0.39,0.31,0.39
27,Frankie Amaya,us USA,MF,NY Red Bulls,21-278,2000,16,16,1371,15.2,0,2,0,0,0,3,1,0,0.13,0.13,0,0.13,0.3,0.3,1.5,1.9,0.02,0.1,0.12,0.02,0.12
28,Mikey Ambrose,us USA,DF,Atlanta Utd,28-269,1993,2,0,46,0.5,0,0,0,0,0,0,0,0,0,0,0,0,0,0,0,0,0.03,0,0.03,0.03,0.03
29,Malte Amundsen,dk DEN,DF,NYCFC,24-140,1998,13,10,952,10.6,0,0,0,0,0,1,0,0,0,0,0,0,0.4,0.4,1.9,2.3,0.04,0.18,0.22,0.04,0.22
30,Max Anchor,ca CAN,GK,Vancouver,17-345,2004,1,1,90,1,0,0,0,0,0,0,0,0,0,0,0,0,0,0,0,0,0,0,0,0,0
31,Sebastian Anderson,us USA,DF,Colorado Rapids,19-327,2002,2,0,10,0.1,0,0,0,0,0,0,0,0,0,0,0,0,0,0,0,0,0,0,0,0,0
32,José Andrés Martínez,ve VEN,MF,Philadelphia,27-328,1994,16,16,1407,15.6,0,1,0,0,0,8,1,0,0.06,0.06,0,0.06,0.4,0.4,0.2,0.5,0.02,0.01,0.03,0.02,0.03
33,Jalil Anibaba,us USA,DF,Columbus Crew,33-255,1988,2,1,85,0.9,0,0,0,0,0,1,0,0,0,0,0,0,0,0,0,0,0.04,0,0.04,0.04,0.04
34,Themi Antonoglou,ca CAN,DF,Toronto FC,21-029,2001,1,0,11,0.1,0,0,0,0,0,0,0,0,0,0,0,0,0,0,0,0,0,0,0,0,0
35,Brian Anunga,cm CMR,MF,Nashville,25-325,1996,13,6,516,5.7,0,0,0,0,0,2,0,0,0,0,0,0,0.2,0.2,0,0.2,0.03,0,0.03,0.03,0.03
36,Cristian Arango,co COL,FW,Los Angeles FC,27-114,1995,17,11,1063,11.8,6,1,5,1,1,3,0,0.51,0.08,0.59,0.42,0.51,6.5,5.8,1.7,7.4,0.55,0.14,0.7,0.49,0.63
37,César Araujo,uy URU,MF,Orlando City,21-090,2001,16,16,1299,14.4,0,0,0,0,0,4,1,0,0,0,0,0,0.6,0.6,0.2,0.8,0.04,0.01,0.05,0.04,0.05
38,Julian Araujo,mx MEX,DF,LA Galaxy,20-322,2001,15,14,1250,13.9,0,1,0,0,0,1,0,0,0.07,0.07,0,0.07,1.2,1.2,1.9,3.1,0.08,0.14,0.22,0.08,0.22
39,Luiz Araújo,br BRA,FW,Atlanta Utd,26-029,1996,10,8,674,7.5,4,2,4,0,0,2,0,0.53,0.27,0.8,0.53,0.8,2.9,2.9,1.7,4.6,0.39,0.23,0.62,0.39,0.62
40,Daniel Armando Ríos,mx MEX,FW,Charlotte FC,27-129,1995,17,10,943,10.5,1,0,1,0,0,1,0,0.1,0,0.1,0.1,0.1,2.6,2.6,0.9,3.5,0.24,0.09,0.33,0.24,0.33
41,Adam Armour,us USA,MF,Charlotte FC,19-277,2002,5,0,85,0.9,1,0,1,0,0,1,0,1.06,0,1.06,1.06,1.06,0.3,0.3,0.3,0.6,0.32,0.32,0.64,0.32,0.64
42,Xavier Arreaga,ec ECU,DF,Seattle,27-276,1994,13,13,1087,12.1,1,0,1,0,0,2,0,0.08,0,0.08,0.08,0.08,0.6,0.6,0,0.6,0.05,0,0.05,0.05,0.05
43,Kervin Arriaga,hn HON,MF,Minnesota Utd,24-177,1998,14,14,1174,13,1,0,1,0,0,5,0,0.08,0,0.08,0.08,0.08,0.7,0.7,0.2,0.9,0.06,0.01,0.07,0.06,0.07
44,Paul Arriola,us USA,FW,FC Dallas,27-146,1995,16,15,1337,14.9,8,2,8,0,0,2,0,0.54,0.13,0.67,0.54,0.67,4.5,4.5,4.2,8.7,0.3,0.29,0.59,0.3,0.59
45,Artur,br BRA,MF,Columbus Crew,26-112,1996,13,13,1083,12,0,0,0,0,0,4,0,0,0,0,0,0,1,1,0.5,1.5,0.08,0.04,0.12,0.08,0.12
46,Dairon Asprilla,co COL,FWMF,Portland Timbers,30-037,1992,15,9,859,9.5,2,0,1,1,1,3,0,0.21,0,0.21,0.1,0.1,2.6,1.9,0.5,2.3,0.27,0.05,0.32,0.19,0.24
47,Isaac Atanga,gh GHA,FW,FC Cincinnati,21-337,2000,1,0,45,0.5,0,0,0,0,0,0,0,0,0,0,0,0,0,0,0.3,0.3,0,0.53,0.53,0,0.53
48,Joshua Atencio,us USA,MF,Seattle,20-151,2002,6,2,157,1.7,0,0,0,0,0,0,0,0,0,0,0,0,0.1,0.1,0.1,0.2,0.05,0.06,0.12,0.05,0.12
49,Roberto Avila,us USA,FWMF,Houston Dynamo,21-258,2000,6,2,156,1.7,0,0,0,0,0,3,0,0,0,0,0,0,0.4,0.4,0,0.4,0.24,0,0.24,0.24,0.24
50,David Ayala,ar ARG,MF,Portland Timbers,19-340,2002,11,2,266,3,0,0,0,0,0,0,0,0,0,0,0,0,0.2,0.2,0.3,0.5,0.05,0.1,0.16,0.05,0.16
51,Edison Azcona,do DOM,MF,Inter Miami,18-222,2003,1,0,18,0.2,0,0,0,0,0,1,0,0,0,0,0,0,0,0,0,0,0,0,0,0,0
52,Dominique Badji,sn SEN,FWDF,FC Cincinnati,29-258,1992,15,12,1012,11.2,0,2,0,0,0,3,0,0,0.18,0.18,0,0.18,2.7,2.7,1.1,3.8,0.24,0.1,0.33,0.24,0.33
53,Zico Bailey,us USA,DFMF,FC Cincinnati,21-308,2000,3,1,80,0.9,0,0,0,0,0,0,0,0,0,0,0,0,0,0,0,0,0,0,0,0,0
54,Corey Baird,us USA,FWMF,Houston Dynamo,26-152,1996,13,8,676,7.5,0,1,0,0,0,1,0,0,0.13,0.13,0,0.13,0.9,0.9,1.7,2.6,0.13,0.23,0.35,0.13,0.35
55,Reed Baker-Whiting,us USA,MF,Seattle,17-092,2005,1,1,90,1,0,0,0,0,0,0,0,0,0,0,0,0,0.2,0.2,0,0.2,0.19,0.01,0.2,0.19,0.2
56,Michael Baldisimo,ca CAN,MF,Vancouver,22-079,2000,9,3,311,3.5,0,0,0,0,0,1,0,0,0,0,0,0,0.1,0.1,0.3,0.3,0.02,0.08,0.1,0.02,0.1
57,Tom Barlow,us USA,FW,NY Red Bulls,26-358,1995,17,6,674,7.5,2,0,2,0,0,2,0,0.27,0,0.27,0.27,0.27,4.1,4.1,0.2,4.3,0.54,0.03,0.58,0.54,0.58
58,Álvaro Barreal,ar ARG,FWDF,FC Cincinnati,21-318,2000,15,9,815,9.1,2,0,2,0,0,1,0,0.22,0,0.22,0.22,0.22,0.9,0.9,1.2,2.1,0.1,0.13,0.23,0.1,0.23
59,Michael Barrios,co COL,FW,Colorado Rapids,31-071,1991,16,9,906,10.1,1,3,1,0,0,1,0,0.1,0.3,0.4,0.1,0.4,1.8,1.8,3.4,5.3,0.18,0.34,0.52,0.18,0.52
60,Ethan Bartlow,us USA,DFMF,Houston Dynamo,22-149,2000,8,5,519,5.8,0,0,0,0,0,2,0,0,0,0,0,0,0,0,0.2,0.2,0,0.03,0.03,0,0.03
61,Zorhan Bassong,ca CAN,DF,CF Montréal,23-055,1999,9,1,175,1.9,0,0,0,0,0,1,0,0,0,0,0,0,0.1,0.1,0.3,0.4,0.05,0.18,0.22,0.05,0.22
62,Tanner Beason,us USA,DF,San Jose,25-100,1997,11,9,829,9.2,0,0,0,0,0,0,0,0,0,0,0,0,0,0,0.2,0.2,0,0.02,0.02,0,0.02
63,Alejandro Bedoya,us USA,MF,Philadelphia,35-063,1987,16,16,1432,15.9,3,2,3,0,0,3,0,0.19,0.13,0.31,0.19,0.31,1.6,1.6,3.8,5.4,0.1,0.24,0.34,0.1,0.34
64,Steven Beitashour,ir IRN,DF,Colorado Rapids,35-150,1987,9,6,606,6.7,0,1,0,0,0,1,0,0,0.15,0.15,0,0.15,0.1,0.1,0,0.1,0.02,0,0.02,0.02,0.02
65,Jon Bell,us USA,DF,New England,24-309,1997,7,5,494,5.5,0,0,0,0,0,0,0,0,0,0,0,0,0,0,0,0,0,0,0,0,0
66,Ben Bender,us USA,MF,Charlotte FC,21-116,2001,16,12,1081,12,3,3,3,0,0,0,0,0.25,0.25,0.5,0.25,0.5,2.3,2.3,1.7,4,0.2,0.14,0.33,0.2,0.33
67,Sebastian Berhalter,us USA,MF,Vancouver,21-045,2001,12,9,805,8.9,0,0,0,0,0,3,0,0,0,0,0,0,0.2,0.2,0.2,0.4,0.02,0.02,0.05,0.02,0.05
68,Miguel Berry,es ESP,FW,Columbus Crew,24-288,1997,16,13,970,10.8,2,0,2,0,0,0,0,0.19,0,0.19,0.19,0.19,2.6,2.6,0.7,3.3,0.24,0.06,0.3,0.24,0.3
69,Nick Besler,us USA,MFDF,Real Salt Lake,29-055,1993,6,0,53,0.6,0,0,0,0,0,0,0,0,0,0,0,0,0,0,0.1,0.1,0,0.14,0.14,0,0.14
70,Victor Bezerra,us USA,FW,Chicago Fire,22-146,2000,1,0,10,0.1,0,0,0,0,0,0,0,0,0,0,0,0,0,0,0.1,0.1,0,0.82,0.82,0,0.82
71,David Bingham,us USA,GK,Portland Timbers,32-255,1989,1,1,90,1,0,0,0,0,0,0,0,0,0,0,0,0,0,0,0,0,0,0,0,0,0
72,Steve Birnbaum,us USA,DF,D.C. United,31-159,1991,15,15,1350,15,0,0,0,0,0,2,0,0,0,0,0,0,0.9,0.9,0.8,1.7,0.06,0.05,0.11,0.06,0.11
73,Tyler Blackett,eng ENG,DF,FC Cincinnati,28-090,1994,13,11,1028,11.4,0,1,0,0,0,5,0,0,0.09,0.09,0,0.09,0.2,0.2,0.6,0.8,0.02,0.05,0.07,0.02,0.07
74,Tristan Blackmon,us USA,DF,Vancouver,25-323,1996,11,9,797,8.9,1,0,1,0,0,1,0,0.11,0,0.11,0.11,0.11,1,1,0,1,0.11,0,0.12,0.11,0.12
75,Andre Blake,jm JAM,GK,Philadelphia,31-222,1990,17,17,1530,17,0,0,0,0,0,1,0,0,0,0,0,0,0,0,0,0,0,0,0,0,0
76,Sebastián Blanco,ar ARG,FWMF,Portland Timbers,34-108,1988,17,8,849,9.4,3,5,2,1,1,4,0,0.32,0.53,0.85,0.21,0.74,2.6,1.8,3.9,5.7,0.27,0.42,0.69,0.19,0.61
77,Latif Blessing,gh GHA,MF,Los Angeles FC,25-183,1996,15,8,700,7.8,0,0,0,0,0,0,0,0,0,0,0,0,0.8,0.8,0.9,1.7,0.1,0.11,0.21,0.1,0.21
78,Emmanuel Boateng,gh GHA,FWMF,New England,28-165,1994,13,5,513,5.7,2,1,2,0,0,1,0,0.35,0.18,0.53,0.35,0.53,1,1,1.3,2.3,0.18,0.23,0.41,0.18,0.41
79,Blake Bodily,us USA,DFFW,Portland Timbers,24-169,1998,3,0,15,0.2,0,0,0,0,0,1,0,0,0,0,0,0,0,0,0,0,0,0,0,0,0
80,Jonathan Bond,eng ENG,GK,LA Galaxy,29-043,1993,16,16,1440,16,0,0,0,0,0,1,0,0,0,0,0,0,0,0,0,0,0,0,0,0,0
81,Pablo Bonilla,ve VEN,DF,Portland Timbers,22-211,1999,6,3,252,2.8,0,0,0,0,0,0,1,0,0,0,0,0,0,0,0,0,0,0.02,0.02,0,0.02
82,Alex Bono,us USA,GK,Toronto FC,28-067,1994,14,14,1260,14,0,0,0,0,0,0,0,0,0,0,0,0,0,0,0.2,0.2,0,0.01,0.01,0,0.01
83,Jonathan Bornstein,us USA,DFFW,Chicago Fire,37-236,1984,11,5,517,5.7,1,0,1,0,0,0,0,0.17,0,0.17,0.17,0.17,0.2,0.2,0.3,0.5,0.04,0.05,0.09,0.04,0.09
84,Dylan Borrero,co COL,FW,New England,20-177,2002,6,4,356,4,1,1,1,0,0,1,0,0.25,0.25,0.51,0.25,0.51,0.8,0.8,1.2,2,0.21,0.29,0.5,0.21,0.5
85,Gustavo Bou,ar ARG,FW,New England,32-133,1990,8,7,662,7.4,3,1,2,1,1,2,0,0.41,0.14,0.54,0.27,0.41,3.1,2.4,1.1,3.5,0.43,0.15,0.58,0.32,0.48
86,Ousseni Bouda,bf BFA,FW,San Jose,22-064,2000,7,0,104,1.2,0,0,0,0,0,2,0,0,0,0,0,0,0.3,0.3,0.1,0.3,0.24,0.04,0.28,0.24,0.28
87,Michael Boxall,nz NZL,DF,Minnesota Utd,33-317,1988,15,15,1350,15,0,0,0,0,0,6,0,0,0,0,0,0,0.3,0.3,0,0.3,0.02,0,0.02,0.02,0.02
88,Michael Bradley,us USA,MF,Toronto FC,34-335,1987,17,17,1519,16.9,1,1,1,0,0,2,0,0.06,0.06,0.12,0.06,0.12,0.4,0.4,1,1.4,0.02,0.06,0.08,0.02,0.08
89,Zachary Brault-Guillard,ca CAN,DF,CF Montréal,23-183,1998,10,2,331,3.7,2,2,2,0,0,0,0,0.54,0.54,1.09,0.54,1.09,1,1,1.3,2.2,0.26,0.34,0.6,0.26,0.6
90,Claudio Bravo,ar ARG,DF,Portland Timbers,25-110,1997,11,11,961,10.7,0,0,0,0,0,6,1,0,0,0,0,0,0.3,0.3,0.3,0.6,0.03,0.03,0.06,0.03,0.06
91,Brenner,br BRA,FW,FC Cincinnati,22-166,2000,12,6,645,7.2,4,2,4,0,0,2,0,0.56,0.28,0.84,0.56,0.84,4.4,4.4,1.2,5.6,0.61,0.17,0.78,0.61,0.78
92,Sebastian Breza,ca CAN,GK,CF Montréal,24-108,1998,17,17,1530,17,0,0,0,0,0,1,0,0,0,0,0,0,0,0,0,0,0,0,0,0,0
93,Emiliano Brienza,ca CAN,FW,Vancouver,20-053,2002,1,0,3,0,0,0,0,0,0,0,0,0,0,0,0,0,0.1,0.1,0,0.1,2,0,2,2,2
94,Andrew Brody,us USA,DF,Real Salt Lake,27-059,1995,17,16,1463,16.3,1,0,1,0,0,1,0,0.06,0,0.06,0.06,0.06,0.1,0.1,1.8,1.9,0.01,0.11,0.12,0.01,0.12
95,Brandt Bronico,us USA,MF,Charlotte FC,27-011,1995,17,16,1409,15.7,0,0,0,0,0,4,0,0,0,0,0,0,0,0,0.1,0.1,0,0.01,0.01,0,0.01
96,Javain Brown,jm JAM,DF,Vancouver,23-114,1999,15,11,1071,11.9,0,0,0,0,0,3,0,0,0,0,0,0,0.3,0.3,0.7,1,0.03,0.06,0.09,0.03,0.09
97,Will Bruin,us USA,FW,Seattle,32-250,1989,11,5,390,4.3,2,0,2,0,0,1,0,0.46,0,0.46,0.46,0.46,1.1,1.1,0.3,1.5,0.26,0.08,0.34,0.26,0.34
98,Adam Buksa,pl POL,FW,New England,25-354,1996,10,9,815,9.1,7,2,7,0,0,3,1,0.77,0.22,0.99,0.77,0.99,3.7,3.7,0.3,4,0.41,0.04,0.44,0.41,0.44
99,Teal Bunbury,us USA,FW,Nashville,32-124,1990,4,1,119,1.3,0,0,0,0,0,0,0,0,0,0,0,0,0.3,0.3,0,0.3,0.25,0.01,0.25,0.25,0.25
100,Nkosi Burgess,us USA,DF,FC Dallas,25-111,1997,12,6,627,7,0,0,0,0,0,1,0,0,0,0,0,0,0,0,0.2,0.2,0.01,0.03,0.03,0.01,0.03
101,Cory Burke,jm JAM,FW,Philadelphia,30-185,1991,16,4,620,6.9,3,0,3,0,0,4,0,0.44,0,0.44,0.44,0.44,3.2,3.2,1.1,4.3,0.47,0.16,0.63,0.47,0.63
102,Handwalla Bwana,so SOM,FW,Nashville,25-006,1997,1,0,13,0.1,0,0,0,0,0,0,0,0,0,0,0,0,0,0,0,0,0,0.18,0.18,0,0.18
103,Brandon Bye,us USA,DF,New England,26-214,1995,13,13,1170,13,2,4,2,0,0,2,0,0.15,0.31,0.46,0.15,0.46,1.3,1.3,2.6,3.9,0.1,0.2,0.3,0.1,0.3
104,Kevin Cabral,fr FRA,FWMF,LA Galaxy,22-356,1999,16,13,873,9.7,0,0,0,0,0,1,1,0,0,0,0,0,2,2,2.2,4.1,0.2,0.22,0.42,0.2,0.42
105,Deiber Caicedo,co COL,FWMF,Vancouver,22-098,2000,16,12,985,10.9,1,2,1,0,0,2,0,0.09,0.18,0.27,0.09,0.27,1.4,1.4,2.7,4.1,0.13,0.24,0.37,0.13,0.37
106,Scott Caldwell,us USA,MF,Real Salt Lake,31-108,1991,15,10,892,9.9,0,0,0,0,0,5,0,0,0,0,0,0,0,0,0.1,0.1,0,0.01,0.01,0,0.01
107,Drake Callender,us USA,GK,Inter Miami,24-267,1997,8,8,720,8,0,0,0,0,0,1,0,0,0,0,0,0,0,0,0,0,0,0,0,0,0
108,Alexander Callens,pe PER,DF,NYCFC,30-058,1992,16,16,1440,16,3,0,3,0,0,5,0,0.19,0,0.19,0.19,0.19,1.7,1.7,0,1.7,0.11,0,0.11,0.11,0.11
109,Francisco Calvo,cr CRC,DF,San Jose,29-358,1992,13,13,1170,13,2,0,2,0,0,4,0,0.15,0,0.15,0.15,0.15,1.6,1.6,0.2,1.8,0.12,0.02,0.14,0.12,0.14
110,Rudy Camacho,fr FRA,DF,CF Montréal,31-118,1991,15,15,1350,15,1,0,1,0,0,4,0,0.07,0,0.07,0.07,0.07,0.3,0.3,0.4,0.6,0.02,0.02,0.04,0.02,0.04
111,Geoff Cameron,us USA,DF,FC Cincinnati,36-355,1985,11,10,875,9.7,0,0,0,0,0,2,0,0,0,0,0,0,0.4,0.4,0.2,0.6,0.04,0.02,0.06,0.04,0.06
112,Leonardo Campana,ec ECU,FW,Inter Miami,21-342,2000,16,14,1069,11.9,7,1,7,0,0,0,0,0.59,0.08,0.67,0.59,0.67,5.5,5.5,1.7,7.2,0.46,0.14,0.61,0.46,0.61
113,George Campbell,us USA,DF,Atlanta Utd,21-009,2001,12,9,890,9.9,0,0,0,0,0,3,0,0,0,0,0,0,0.3,0.3,0.6,0.9,0.03,0.06,0.09,0.03,0.09
114,Russell Canouse,us USA,MF,D.C. United,27-020,1995,11,10,858,9.5,1,1,1,0,0,3,0,0.1,0.1,0.21,0.1,0.21,0.4,0.4,0.7,1.2,0.05,0.08,0.12,0.05,0.12
115,Nathan Cardoso,br BRA,DF,San Jose,27-049,1995,9,9,741,8.2,1,0,1,0,0,3,0,0.12,0,0.12,0.12,0.12,0.8,0.8,0.1,0.8,0.09,0.01,0.1,0.09,0.1
116,Antonio Carlos,br BRA,DF,Orlando City,29-116,1993,7,6,512,5.7,0,0,0,0,0,1,0,0,0,0,0,0,0.4,0.4,0,0.4,0.07,0,0.07,0.07,0.07
117,Julián Carranza,ar ARG,FW,Philadelphia,22-040,2000,14,14,1008,11.2,4,3,3,1,1,7,1,0.36,0.27,0.62,0.27,0.54,4.8,4.1,0.6,4.6,0.43,0.05,0.48,0.36,0.41
118,Adalberto Carrasquilla,pa PAN,MF,Houston Dynamo,23-215,1998,15,11,1044,11.6,1,0,1,0,0,7,1,0.09,0,0.09,0.09,0.09,0.9,0.9,0.9,1.8,0.08,0.08,0.16,0.08,0.16
119,Javier Casas,us USA,MF,Chicago Fire,19-048,2003,2,0,14,0.2,0,0,0,0,0,1,0,0,0,0,0,0,0,0,0,0,0,0,0,0,0
120,Julio Cascante,cr CRC,DF,Austin FC,28-271,1993,16,16,1440,16,1,2,1,0,0,3,0,0.06,0.12,0.19,0.06,0.19,2.2,2.2,0.4,2.6,0.14,0.03,0.16,0.14,0.16
121,Cristian Cásseres Jr.,ve VEN,MFFW,NY Red Bulls,22-162,2000,13,11,1000,11.1,1,0,1,0,0,5,0,0.09,0,0.09,0.09,0.09,2.1,2.1,1.8,3.9,0.18,0.17,0.35,0.18,0.35
122,Valentín Castellanos,ar ARG,FW,NYCFC,23-271,1998,13,13,1132,12.6,8,1,4,4,4,7,0,0.64,0.08,0.72,0.32,0.4,10.2,7.2,3.2,10.4,0.81,0.25,1.07,0.57,0.82
123,Lucas Cavallini,ca CAN,FW,Vancouver,29-185,1992,13,10,964,10.7,5,1,3,2,2,5,0,0.47,0.09,0.56,0.28,0.37,4.8,3.2,1.9,5.1,0.44,0.18,0.62,0.3,0.48
124,Roman Celentano,us USA,GK,FC Cincinnati,21-290,2000,10,10,900,10,0,0,0,0,0,0,0,0,0,0,0,0,0,0,0,0,0,0,0,0,0
125,Darwin Cerén,sv SLV,MF,Houston Dynamo,32-182,1989,15,7,672,7.5,0,0,0,0,0,3,0,0,0,0,0,0,0.2,0.2,0.2,0.4,0.02,0.03,0.05,0.02,0.05
126,Edwin Cerrillo,us USA,MF,FC Dallas,21-271,2000,15,8,785,8.7,0,0,0,0,0,3,0,0,0,0,0,0,0.1,0.1,0.4,0.5,0.01,0.05,0.05,0.01,0.05
127,Maikel Chang,cu CUB,MFFW,Real Salt Lake,31-074,1991,17,13,993,11,1,4,1,0,0,0,0,0.09,0.36,0.45,0.09,0.45,1.7,1.7,2.1,3.8,0.15,0.19,0.34,0.15,0.34
128,Maxime Chanot,lu LUX,DF,NYCFC,32-222,1989,7,4,335,3.7,0,0,0,0,0,0,0,0,0,0,0,0,0.1,0.1,0,0.1,0.03,0,0.03,0.03,0.03
129,Diego Chará,co COL,MF,Portland Timbers,36-087,1986,15,14,1268,14.1,0,1,0,0,0,6,0,0,0.07,0.07,0,0.07,0,0,1.2,1.2,0,0.08,0.08,0,0.08
130,Yimmi Chará,co COL,MFFW,Portland Timbers,31-090,1991,18,18,1561,17.3,4,3,4,0,0,1,0,0.23,0.17,0.4,0.23,0.4,4.1,4.1,2.4,6.5,0.24,0.14,0.37,0.24,0.37
131,Mathieu Choiniere,ca CAN,DFMF,CF Montréal,23-144,1999,10,7,593,6.6,2,0,2,0,0,0,0,0.3,0,0.3,0.3,0.3,0.4,0.4,0.6,1,0.06,0.09,0.15,0.06,0.15
132,Léo Chú,br BRA,FWMF,Seattle,22-086,2000,11,5,465,5.2,0,1,0,0,0,0,0,0,0.19,0.19,0,0.19,1.6,1.6,0.5,2.1,0.31,0.09,0.4,0.31,0.4
133,Kadin Chung,ca CAN,DF,Toronto FC,23-299,1998,8,5,450,5,0,1,0,0,0,1,0,0,0.2,0.2,0,0.2,0,0,0.1,0.2,0.01,0.02,0.03,0.01,0.03
134,José Cifuentes,ec ECU,MF,Los Angeles FC,23-111,1999,17,13,1167,13,3,4,3,0,0,6,0,0.23,0.31,0.54,0.23,0.54,2.8,2.8,2.7,5.5,0.22,0.21,0.43,0.22,0.43
135,Ronaldo Cisneros,mx MEX,FW,Atlanta Utd,25-174,1997,10,9,766,8.5,4,0,4,0,0,0,0,0.47,0,0.47,0.47,0.47,3.7,3.7,0.1,3.8,0.43,0.02,0.45,0.43,0.45
136,Abdoulaye Cissoko,fr FRA,DF,Seattle,22-186,1999,8,3,281,3.1,0,0,0,0,0,0,0,0,0,0,0,0,0.1,0.1,0,0.1,0.03,0,0.03,0.03,0.03
137,Caden Clark,us USA,MFFW,NY Red Bulls,19-035,2003,6,0,141,1.6,0,1,0,0,0,1,0,0,0.64,0.64,0,0.64,0.2,0.2,0.9,1,0.11,0.55,0.66,0.11,0.66
138,Steve Clark,us USA,GK,Houston Dynamo,36-078,1986,16,16,1440,16,0,0,0,0,0,1,0,0,0,0,0,0,0,0,0,0,0,0,0,0,0
139,Stefan Cleveland,us USA,GK,Seattle,28-037,1994,3,3,270,3,0,0,0,0,0,0,0,0,0,0,0,0,0,0,0,0,0,0,0,0,0
140,Jackson Conway,us USA,FWMF,Atlanta Utd,20-210,2001,3,0,36,0.4,0,0,0,0,0,1,0,0,0,0,0,0,0.6,0.6,0,0.6,1.38,0.05,1.43,1.38,1.43
141,Gabriele Corbo,it ITA,DF,CF Montréal,22-171,2000,4,4,341,3.8,0,0,0,0,0,0,0,0,0,0,0,0,0.1,0.1,0,0.1,0.03,0.01,0.04,0.03,0.04
142,Sergio Córdova,ve VEN,FW,Real Salt Lake,24-326,1997,16,12,1096,12.2,3,1,3,0,0,1,0,0.25,0.08,0.33,0.25,0.33,5.1,5.1,1.6,6.7,0.42,0.13,0.55,0.42,0.55
143,Carlos Coronel,br BRA,GK,NY Red Bulls,25-184,1996,16,16,1440,16,0,0,0,0,0,1,0,0,0,0,0,0,0,0,0,0,0,0,0,0,0
144,Guzmán Corujo,uy URU,DF,Charlotte FC,25-333,1996,17,17,1530,17,1,0,1,0,0,3,0,0.06,0,0.06,0.06,0.06,1.4,1.4,0.2,1.6,0.08,0.01,0.09,0.08,0.09
145,Douglas Costa,br BRA,MFFW,LA Galaxy,31-290,1990,13,9,754,8.4,2,0,2,0,0,3,1,0.24,0,0.24,0.24,0.24,0.9,0.9,2,2.9,0.11,0.24,0.35,0.11,0.35
146,Séga Coulibaly,fr FRA,DF,LA Galaxy,26-022,1996,11,10,878,9.8,1,0,1,0,0,5,0,0.1,0,0.1,0.1,0.1,0.7,0.7,0,0.7,0.07,0,0.07,0.07,0.07
147,Cade Cowell,us USA,FWMF,San Jose,18-260,2003,14,10,892,9.9,1,3,1,0,0,2,0,0.1,0.3,0.4,0.1,0.4,1.2,1.2,1.1,2.3,0.12,0.11,0.23,0.12,0.23
148,Maxime Crépeau,ca CAN,GK,Los Angeles FC,28-051,1994,16,16,1440,16,0,0,0,0,0,2,0,0,0,0,0,0,0,0,0,0,0,0,0,0,0
149,Daniel Crisostomo,us USA,MF,Los Angeles FC,25-166,1997,2,0,30,0.3,0,0,0,0,0,1,0,0,0,0,0,0,0,0,0,0,0,0,0,0,0
150,Cody Cropper,us USA,GK,Vancouver,29-135,1993,8,7,651,7.2,0,0,0,0,0,1,0,0,0,0,0,0,0,0,0,0,0,0,0,0,0
151,Allan Cruz,cr CRC,MF,FC Cincinnati,26-127,1996,6,1,148,1.6,0,0,0,0,0,2,0,0,0,0,0,0,0.1,0.1,0.1,0.2,0.08,0.06,0.15,0.08,0.15
152,Adrián Cubas,py PAR,MF,Vancouver,26-040,1996,3,2,181,2,0,0,0,0,0,1,0,0,0,0,0,0,0.1,0.1,0.1,0.2,0.04,0.07,0.11,0.04,0.11
153,Rafael Czichos,de GER,DF,Chicago Fire,32-048,1990,12,12,1072,11.9,0,0,0,0,0,3,1,0,0,0,0,0,1.5,1.5,0.6,2.1,0.13,0.05,0.18,0.13,0.18
154,Cristián Dajome,co COL,DFMF,Vancouver,28-179,1994,15,12,1097,12.2,1,2,1,0,1,2,0,0.08,0.16,0.25,0.08,0.25,2.2,1.4,1,2.4,0.18,0.08,0.26,0.11,0.2
155,Abu Danladi,gh GHA,FWMF,Minnesota Utd,26-256,1995,12,4,413,4.6,1,0,1,0,0,0,0,0.22,0,0.22,0.22,0.22,0.6,0.6,1,1.7,0.14,0.23,0.37,0.14,0.37
156,Bode Davis,us USA,MF,Real Salt Lake,20-129,2002,2,0,26,0.3,0,0,0,0,0,0,0,0,0,0,0,0,0,0,0.1,0.1,0,0.48,0.48,0,0.48
157,Jake Davis,us USA,MF,Sporting KC,20-179,2002,3,0,17,0.2,0,0,0,0,0,0,0,0,0,0,0,0,,,,,,,,,
158,Sean Davis,us USA,MF,Nashville,29-143,1993,17,16,1439,16,0,0,0,0,0,2,0,0,0,0,0,0,0.1,0.1,0.2,0.3,0.01,0.01,0.02,0.01,0.02
159,Miloš Degenek,au AUS,DF,Columbus Crew,28-064,1994,13,12,1046,11.6,0,0,0,0,0,0,0,0,0,0,0,0,0.5,0.5,0.1,0.6,0.04,0.01,0.05,0.04,0.05
160,Alex DeJohn,us USA,DF,Atlanta Utd,31-052,1991,4,3,326,3.6,0,0,0,0,0,0,0,0,0,0,0,0,0.4,0.4,0,0.4,0.1,0.01,0.11,0.1,0.11
161,A.J. DeLaGarza,gu GUM,DF,New England,34-239,1987,3,3,245,2.7,0,0,0,0,0,0,0,0,0,0,0,0,0,0,0,0,0,0.02,0.02,0,0.02
162,Marky Delgado,us USA,MF,LA Galaxy,27-046,1995,15,15,1290,14.3,2,0,1,1,1,3,1,0.14,0,0.14,0.07,0.07,0.9,0.2,1.6,1.7,0.06,0.11,0.17,0.01,0.12
163,Nick DePuy,us USA,DF,LA Galaxy,27-229,1994,12,10,911,10.1,0,0,0,0,0,4,0,0,0,0,0,0,0.7,0.7,0.1,0.8,0.07,0.01,0.08,0.07,0.08
164,Silvester van der Water,nl NED,FWMF,Orlando City,25-274,1996,4,0,41,0.5,0,0,0,0,0,0,0,0,0,0,0,0,0,0,0,0,0.1,0,0.1,0.1,0.1
165,Joey DeZart,us USA,DF,Orlando City,24-022,1998,1,0,3,0,0,0,0,0,0,0,0,0,0,0,0,0,0,0,0,0,0,0,0,0,0
166,Luis Díaz,cr CRC,FWMF,Columbus Crew,23-207,1998,10,2,309,3.4,1,0,1,0,0,2,0,0.29,0,0.29,0.29,0.29,0.8,0.8,0,0.9,0.25,0.01,0.26,0.25,0.26
167,Bakaye Dibassy,ml MLI,DF,Minnesota Utd,32-324,1989,16,16,1440,16,1,0,1,0,0,4,0,0.06,0,0.06,0.06,0.06,0.4,0.4,0.1,0.5,0.03,0.01,0.03,0.03,0.03
168,Clément Diop,sn SEN,GK,Inter Miami,28-262,1993,3,3,270,3,0,0,0,0,0,0,0,0,0,0,0,0,0,0,0,0,0,0,0,0,0
169,Sofiane Djeffal,fr FRA,MF,D.C. United,23-083,1999,13,10,840,9.3,0,0,0,0,0,2,0,0,0,0,0,0,0.3,0.3,0.2,0.5,0.03,0.02,0.06,0.03,0.06
170,Moussa Djitte,sn SEN,FW,Austin FC,22-270,1999,8,1,176,2,1,1,1,0,0,0,0,0.51,0.51,1.02,0.51,1.02,1.3,1.3,0,1.3,0.67,0,0.67,0.67,0.67
171,Ethan Dobbelaere,us USA,DF,Seattle,19-229,2002,3,1,87,1,0,0,0,0,0,0,0,0,0,0,0,0,0,0,0.1,0.1,0,0.1,0.1,0,0.1
172,Cecilio Domínguez,py PAR,FWMF,Austin FC,27-324,1994,4,4,280,3.1,2,0,2,0,0,1,0,0.64,0,0.64,0.64,0.64,1.5,1.5,0.1,1.7,0.5,0.03,0.53,0.5,0.53
173,Christopher Donovan,us USA,MFFW,Philadelphia,21-327,2000,2,0,31,0.3,0,0,0,0,0,0,0,0,0,0,0,0,0.1,0.1,0.2,0.3,0.25,0.54,0.79,0.25,0.79
174,Griffin Dorsey,us USA,DF,Houston Dynamo,23-118,1999,12,9,693,7.7,0,0,0,0,0,2,0,0,0,0,0,0,0.1,0.1,0.1,0.2,0.01,0.02,0.03,0.01,0.03
175,Hassani Dotson,us USA,DFMF,Minnesota Utd,24-329,1997,7,7,630,7,1,2,1,0,0,1,0,0.14,0.29,0.43,0.14,0.43,0.8,0.8,0.5,1.3,0.12,0.07,0.19,0.12,0.19
176,Sebastián Driussi,ar ARG,MFFW,Austin FC,26-142,1996,16,16,1427,15.9,9,3,7,2,2,4,0,0.57,0.19,0.76,0.44,0.63,6.6,5.2,3.3,8.5,0.41,0.21,0.62,0.33,0.53
177,Bryce Duke,us USA,MF,Inter Miami,21-123,2001,11,8,662,7.4,1,2,1,0,0,2,0,0.14,0.27,0.41,0.14,0.41,1.9,1.9,1.4,3.3,0.25,0.19,0.45,0.25,0.45
178,Cameron Duke,us USA,MFDF,Sporting KC,21-138,2001,16,9,898,10,0,2,0,0,0,3,0,0,0.2,0.2,0,0.2,1,1,1.5,2.5,0.1,0.15,0.25,0.1,0.25
179,Jhon Durán,co COL,FW,Chicago Fire,18-200,2003,11,3,329,3.7,1,1,1,0,0,4,1,0.27,0.27,0.55,0.27,0.55,1.2,1.2,0.6,1.8,0.33,0.17,0.5,0.33,0.5
180,Chris Durkin,us USA,MF,D.C. United,22-143,2000,10,7,707,7.9,0,0,0,0,0,4,1,0,0,0,0,0,0.3,0.3,0.6,0.9,0.04,0.07,0.11,0.04,0.11
181,Dom Dwyer,us USA,FWMF,Atlanta Utd,31-336,1990,10,1,234,2.6,3,0,3,0,0,2,1,1.15,0,1.15,1.15,1.15,2.6,2.6,0,2.6,1,0,1,1,1
182,Jeremy Ebobisse,us USA,FW,San Jose,25-137,1997,16,16,1353,15,9,1,8,1,1,0,0,0.6,0.07,0.67,0.53,0.6,6.9,6.2,1.4,7.5,0.46,0.09,0.55,0.41,0.5
183,Daniel Edelman,us USA,MF,NY Red Bulls,19-064,2003,3,0,39,0.4,0,0,0,0,0,0,0,0,0,0,0,0,0,0,0,0,0,0,0,0,0
184,Javier Eduardo López,mx MEX,MFFW,San Jose,27-287,1994,4,3,234,2.6,1,0,1,0,0,0,0,0.38,0,0.38,0.38,0.38,0.1,0.1,0.1,0.3,0.06,0.06,0.11,0.06,0.11
185,Earl Edwards Jr.,us USA,GK,New England,30-158,1992,4,4,360,4,0,0,0,0,0,0,0,0,0,0,0,0,0,0,0,0,0,0,0,0,0
186,Raheem Edwards,ca CAN,DF,LA Galaxy,26-351,1995,15,15,1286,14.3,0,3,0,0,0,0,0,0,0.21,0.21,0,0.21,0.8,0.8,1.3,2.2,0.06,0.09,0.15,0.06,0.15
187,Tom Edwards,eng ENG,DF,NY Red Bulls,23-160,1999,16,15,1339,14.9,0,0,0,0,0,3,0,0,0,0,0,0,0.4,0.4,0.9,1.3,0.03,0.06,0.09,0.03,0.09
188,Jack Elliott,eng ENG,DF,Philadelphia,26-310,1995,17,17,1520,16.9,0,0,0,0,0,1,0,0,0,0,0,0,1.3,1.3,0,1.4,0.08,0,0.08,0.08,0.08
189,Kalil ElMedkhar,us USA,FWMF,FC Dallas,22-317,1999,3,0,11,0.1,0,0,0,0,0,0,0,0,0,0,0,0,0,0,0,0,0,0,0,0,0
190,Franco Escobar,ar ARG,DF,Los Angeles FC,27-130,1995,7,5,382,4.2,1,0,1,0,0,0,0,0.24,0,0.24,0.24,0.24,0.5,0.5,0.5,0.9,0.11,0.11,0.22,0.11,0.22
191,Cristian Espinoza,ar ARG,FWMF,San Jose,27-089,1995,16,16,1356,15.1,4,5,2,2,2,3,0,0.27,0.33,0.6,0.13,0.46,3.5,2,4.2,6.2,0.23,0.28,0.51,0.13,0.41
192,Jhon Espinoza,ec ECU,DFFW,Chicago Fire,23-127,1999,12,2,290,3.2,0,0,0,0,0,4,0,0,0,0,0,0,0.2,0.2,0.3,0.6,0.08,0.1,0.18,0.08,0.18
193,Roger Espinoza,hn HON,MF,Sporting KC,35-249,1986,17,14,1152,12.8,1,0,1,0,0,7,0,0.08,0,0.08,0.08,0.08,1.5,1.5,0.3,1.7,0.11,0.02,0.13,0.11,0.13
194,Lucas Esteves,br BRA,DF,Colorado Rapids,22-007,2000,13,10,931,10.3,1,2,1,0,0,3,1,0.1,0.19,0.29,0.1,0.29,0.9,0.9,1.3,2.2,0.09,0.12,0.21,0.09,0.21
195,Michael Estrada,ec ECU,FW,D.C. United,26-085,1996,12,7,570,6.3,4,2,3,1,1,1,0,0.63,0.32,0.95,0.47,0.79,2.4,1.6,1.5,3.2,0.38,0.24,0.62,0.26,0.5
196,Derrick Etienne,ht HAI,FWDF,Columbus Crew,25-218,1996,15,12,1063,11.8,3,5,3,0,0,2,0,0.25,0.42,0.68,0.25,0.68,3.8,3.8,2.9,6.7,0.32,0.25,0.56,0.32,0.56
197,Diego Fagúndez,uy URU,FWMF,Austin FC,27-137,1995,16,15,1247,13.9,3,7,3,0,0,2,0,0.22,0.51,0.72,0.22,0.72,2.4,2.4,2.6,5,0.17,0.18,0.36,0.17,0.36
198,Mamadou Fall,sn SEN,DF,Los Angeles FC,19-222,2002,13,12,1091,12.1,1,1,1,0,0,5,0,0.08,0.08,0.16,0.08,0.16,1.7,1.7,0.1,1.8,0.14,0.01,0.15,0.14,0.15
199,Marco Farfan,us USA,DF,FC Dallas,23-231,1998,17,17,1481,16.5,0,2,0,0,0,4,0,0,0.12,0.12,0,0.12,0.3,0.3,1.7,2,0.02,0.1,0.12,0.02,0.12
200,Andrew Farrell,us USA,DF,New England,30-090,1992,16,16,1416,15.7,0,0,0,0,0,4,0,0,0,0,0,0,0,0,0,0.1,0,0,0.01,0,0.01
201,Mohamed Farsi,ca CAN,FWMF,Columbus Crew,22-197,1999,2,0,24,0.3,0,0,0,0,0,0,0,0,0,0,0,0,0,0,0,0,0,0,0,0,0
202,Felipe,br BRA,MFFW,Austin FC,31-274,1990,12,1,265,2.9,0,0,0,0,0,2,0,0,0,0,0,0,0.6,0.6,0,0.6,0.19,0.01,0.19,0.19,0.19
203,Thiago Fernandes,br BRA,FWMF,Houston Dynamo,21-110,2001,3,0,21,0.2,0,0,0,0,0,0,0,0,0,0,0,0,0,0,0,0,0,0,0,0,0
204,Omir Fernandez,us USA,MFFW,NY Red Bulls,23-143,1999,17,15,1000,11.1,2,3,2,0,0,1,0,0.18,0.27,0.45,0.18,0.45,2.2,2.2,3,5.2,0.2,0.27,0.47,0.2,0.47
205,Jesus Ferreira,us USA,FWMF,FC Dallas,21-189,2000,17,15,1374,15.3,10,4,10,0,0,2,0,0.66,0.26,0.92,0.66,0.92,7,7,2.4,9.4,0.46,0.16,0.62,0.46,0.62
206,Sebastián Ferreira,py PAR,FW,Houston Dynamo,24-138,1998,15,15,1192,13.2,6,3,6,0,0,1,0,0.45,0.23,0.68,0.45,0.68,3.6,3.6,2.2,5.8,0.27,0.16,0.43,0.27,0.43
207,Stuart Findlay,sct SCO,DF,Philadelphia,26-290,1995,1,1,90,1,0,0,0,0,0,0,0,0,0,0,0,0,0.1,0.1,0,0.1,0.06,0,0.06,0.06,0.06
208,Ethan Finlay,us USA,FW,Austin FC,31-329,1990,16,7,686,7.6,2,1,2,0,0,0,0,0.26,0.13,0.39,0.26,0.39,1.1,1.1,0.7,1.8,0.14,0.09,0.23,0.14,0.23
209,Oniel Fisher,jm JAM,DF,Minnesota Utd,30-221,1991,7,6,555,6.2,0,0,0,0,0,1,0,0,0,0,0,0,0,0,0.1,0.1,0,0.02,0.02,0,0.02
210,Leon Flach,us USA,MF,Philadelphia,21-123,2001,17,17,1387,15.4,0,1,0,0,0,1,0,0,0.06,0.06,0,0.06,0.7,0.7,0.4,1.1,0.05,0.03,0.07,0.05,0.07
211,Ashley Fletcher,eng ENG,FW,NY Red Bulls,26-272,1995,7,3,249,2.8,0,0,0,0,0,2,0,0,0,0,0,0,0.8,0.8,0.8,1.6,0.29,0.29,0.57,0.29,0.57
212,Edison Flores,pe PER,MFFW,D.C. United,28-048,1994,12,11,828,9.2,1,0,1,0,0,1,0,0.11,0,0.11,0.11,0.11,1.5,1.5,0.8,2.3,0.16,0.09,0.24,0.16,0.24
213,George Fochive,us USA,MF,Portland Timbers,30-099,1992,1,0,30,0.3,0,0,0,0,0,1,0,0,0,0,0,0,0,0,0,0,0,0,0,0,0
214,Nathan Fogaça,br BRA,FW,Portland Timbers,23-022,1999,6,4,376,4.2,2,0,2,0,0,1,0,0.48,0,0.48,0.48,0.48,1.9,1.9,0.1,2.1,0.46,0.03,0.5,0.46,0.5
215,Andreu Fontàs,es ESP,DF,Sporting KC,32-229,1989,13,12,1087,12.1,0,0,0,0,0,3,1,0,0,0,0,0,0.4,0.4,0.2,0.6,0.04,0.01,0.05,0.04,0.05
216,Kortne Ford,us USA,DF,Sporting KC,26-156,1996,12,9,792,8.8,0,0,0,0,0,4,0,0,0,0,0,0,0.1,0.1,0.1,0.2,0.01,0.01,0.02,0.01,0.02
217,Taxiarchis Fountas,gr GRE,FWMF,D.C. United,26-300,1995,9,7,649,7.2,6,1,6,0,0,0,0,0.83,0.14,0.97,0.83,0.97,4,4,1.3,5.3,0.56,0.18,0.74,0.56,0.74
218,Franco Fragapane,ar ARG,FWMF,Minnesota Utd,29-145,1993,16,12,942,10.5,1,1,1,0,0,3,0,0.1,0.1,0.19,0.1,0.19,2.7,2.7,1.8,4.5,0.26,0.17,0.43,0.26,0.43
219,Alan Franco,ar ARG,DF,Atlanta Utd,25-263,1996,12,12,1004,11.2,0,1,0,0,0,2,0,0,0.09,0.09,0,0.09,0.3,0.3,0.3,0.5,0.03,0.02,0.05,0.03,0.05
220,Alan Franco,ec ECU,MF,Charlotte FC,23-314,1998,10,9,782,8.7,0,1,0,0,0,2,0,0,0.12,0.12,0,0.12,0.7,0.7,0.5,1.1,0.08,0.05,0.13,0.08,0.13
221,Kobe Franklin,ca CAN,DF,Toronto FC,19-052,2003,1,0,14,0.2,0,0,0,0,0,0,0,0,0,0,0,0,0,0,0,0,0,0,0,0,0
222,Stefan Frei,ch SUI,GK,Seattle,36-072,1986,13,13,1170,13,0,0,0,0,0,0,0,0,0,0,0,0,0,0,0,0,0,0,0,0,0
223,Christian Fuchs,at AUT,DF,Charlotte FC,36-085,1986,14,12,1049,11.7,1,0,0,1,1,2,0,0.09,0,0.09,0,0,1.5,0.7,0,0.8,0.13,0,0.13,0.06,0.07
224,Ruben Gabrielsen,no NOR,DF,Austin FC,30-113,1992,16,14,1252,13.9,2,0,2,0,0,2,0,0.14,0,0.14,0.14,0.14,0.6,0.6,0.3,0.9,0.04,0.02,0.06,0.04,0.06
225,Ray Gaddis,us USA,DF,FC Cincinnati,32-169,1990,10,7,641,7.1,0,0,0,0,0,1,0,0,0,0,0,0,0.1,0.1,0.5,0.6,0.01,0.07,0.08,0.01,0.08
226,McKinze Gaines,us USA,MFFW,Charlotte FC,24-121,1998,12,6,469,5.2,0,0,0,0,0,0,0,0,0,0,0,0,0.9,0.9,1.1,2,0.17,0.22,0.39,0.17,0.39
227,Jon Gallagher,ie IRL,DF,Austin FC,26-128,1996,15,7,666,7.4,0,1,0,0,0,2,0,0,0.14,0.14,0,0.14,0.1,0.1,0.4,0.4,0.01,0.05,0.06,0.01,0.06
228,Pedro Gallese,pe PER,GK,Orlando City,32-128,1990,16,16,1440,16,0,0,0,0,0,3,0,0,0,0,0,0,0,0,0,0,0,0,0,0,0
229,Christopher Garcia,us USA,MFFW,Real Salt Lake,19-169,2003,2,0,4,0,0,0,0,0,0,0,0,0,0,0,0,0,0,0,0,0,0,0,0,0,0
230,Chase Gasper,us USA,DF,LA Galaxy,26-157,1996,5,1,174,1.9,0,0,0,0,0,1,0,0,0,0,0,0,0,0,0,0,0,0,0,0,0
231,Ryan Gauld,sct SCO,MF,Vancouver,26-197,1995,12,10,865,9.6,2,0,0,2,2,0,0,0.21,0,0.21,0,0,3.4,1.9,0.9,2.9,0.36,0.1,0.46,0.2,0.3
232,Dániel Gazdag,hu HUN,MF,Philadelphia,26-121,1996,17,17,1488,16.5,7,2,6,1,1,3,0,0.42,0.12,0.54,0.36,0.48,7.9,7.1,1.9,9,0.48,0.12,0.59,0.43,0.55
233,Kieran Gibbs,eng ENG,DF,Inter Miami,32-278,1989,5,3,187,2.1,0,0,0,0,0,0,0,0,0,0,0,0,0.4,0.4,0.1,0.5,0.17,0.06,0.23,0.17,0.23
234,Carles Gil,es ESP,MF,New England,29-221,1992,17,16,1471,16.3,4,6,1,3,3,1,0,0.24,0.37,0.61,0.06,0.43,4,1.8,4.7,6.4,0.25,0.28,0.53,0.11,0.39
235,José Antonio Martínez Gil,es ESP,DF,FC Dallas,29-139,1993,14,14,1214,13.5,0,0,0,0,0,3,0,0,0,0,0,0,0.3,0.3,0.2,0.4,0.02,0.01,0.03,0.02,0.03
236,Gastón Giménez,py PAR,MF,Chicago Fire,30-339,1991,16,15,1332,14.8,0,2,0,0,0,4,0,0,0.14,0.14,0,0.14,1.1,1.1,0.9,2,0.07,0.06,0.13,0.07,0.13
237,Francisco Ginella,uy URU,MF,Los Angeles FC,23-161,1999,13,4,347,3.9,0,0,0,0,0,1,0,0,0,0,0,0,0.1,0.1,0.1,0.2,0.02,0.02,0.04,0.02,0.04
238,Justen Glad,us USA,DF,Real Salt Lake,25-123,1997,13,13,1142,12.7,3,0,3,0,0,2,0,0.24,0,0.24,0.24,0.24,1.7,1.7,0.2,1.9,0.13,0.02,0.15,0.13,0.15
239,Jakob Glesnes,no NOR,DF,Philadelphia,28-098,1994,17,17,1530,17,0,1,0,0,0,1,0,0,0.06,0.06,0,0.06,0.2,0.2,0.3,0.4,0.01,0.02,0.03,0.01,0.03
240,Chris Gloster,us USA,DF,NYCFC,21-338,2000,10,6,475,5.3,1,1,1,0,0,0,0,0.19,0.19,0.38,0.19,0.38,0.3,0.3,1.4,1.7,0.05,0.26,0.31,0.05,0.31
241,Marcus Godinho,ca CAN,DF,Vancouver,25-003,1997,11,7,553,6.1,0,0,0,0,0,1,0,0,0,0,0,0,0.2,0.2,0.2,0.3,0.03,0.03,0.05,0.03,0.05
242,Aníbal Godoy,pa PAN,MF,Nashville,32-141,1990,12,8,679,7.5,1,1,1,0,0,4,0,0.13,0.13,0.27,0.13,0.27,0.6,0.6,0.3,0.9,0.08,0.04,0.12,0.08,0.12
243,Erik Godoy,ar ARG,DF,Vancouver,28-319,1993,5,4,391,4.3,1,0,1,0,0,1,0,0.23,0,0.23,0.23,0.23,0.2,0.2,0,0.2,0.03,0,0.03,0.03,0.03
244,Eulânio Ângelo Chipela Gomes,gw GNB,DF,FC Dallas,28-045,1994,13,6,600,6.7,0,2,0,0,0,1,0,0,0.3,0.3,0,0.3,0.5,0.5,1.2,1.7,0.08,0.18,0.26,0.08,0.26
245,Yeimar Gómez Andrade,co COL,DF,Seattle,30-001,1992,10,8,711,7.9,0,0,0,0,0,2,0,0,0,0,0,0,0.1,0.1,0,0.1,0.02,0,0.02,0.02,0.02
246,Omar Gonzalez,us USA,DF,New England,33-263,1988,10,7,627,7,0,0,0,0,0,1,0,0,0,0,0,0,0.2,0.2,0,0.2,0.03,0,0.03,0.03,0.03
247,Samuel Grandsir,fr FRA,FWMF,LA Galaxy,25-321,1996,16,9,750,8.3,0,3,0,0,0,1,0,0,0.36,0.36,0,0.36,2.9,2.9,2.5,5.4,0.35,0.3,0.65,0.35,0.65
248,Tayvon Gray,us USA,DF,NYCFC,19-316,2002,11,9,743,8.3,0,0,0,0,0,1,0,0,0,0,0,0,0.1,0.1,0.5,0.6,0.02,0.06,0.07,0.02,0.07
249,Gregore,br BRA,MF,Inter Miami,28-121,1994,14,14,1260,14,0,0,0,0,0,8,0,0,0,0,0,0,0.2,0.2,0.5,0.8,0.02,0.04,0.05,0.02,0.05
250,Ján Greguš,sk SVK,MF,San Jose,31-153,1991,15,12,1127,12.5,0,5,0,0,0,0,0,0,0.4,0.4,0,0.4,0.5,0.5,2.2,2.7,0.04,0.17,0.22,0.04,0.22
251,Julian Gressel,de GER,DF,D.C. United,28-197,1993,15,14,1201,13.3,0,3,0,0,0,2,0,0,0.22,0.22,0,0.22,2.3,2.3,2.7,5,0.17,0.2,0.38,0.17,0.38
252,Sami Guediri,us USA,DF,D.C. United,24-317,1997,1,0,45,0.5,0,0,0,0,0,0,0,0,0,0,0,0,0,0,0,0,0,0.05,0.05,0,0.05
253,Brian Gutiérrez,us USA,FWMF,Chicago Fire,19-014,2003,16,8,693,7.7,0,2,0,0,0,2,1,0,0.26,0.26,0,0.26,0.9,0.9,1.5,2.3,0.11,0.19,0.3,0.11,0.3
254,Cristián Gutiérrez,cl CHI,DF,Vancouver,25-133,1997,11,6,616,6.8,0,1,0,0,0,1,0,0,0.15,0.15,0,0.15,0.3,0.3,0.8,1.1,0.04,0.12,0.16,0.04,0.16
255,Diego Gutierrez,us USA,FW,Portland Timbers,23-177,1999,1,0,4,0,0,0,0,0,0,0,0,0,0,0,0,0,0,0,0,0,0,0,0,0,0
256,Andrew Gutman,us USA,DF,Atlanta Utd,25-272,1996,12,12,996,11.1,0,0,0,0,0,3,0,0,0,0,0,0,1.6,1.6,0.4,2,0.14,0.04,0.18,0.14,0.18
257,Brad Guzan,us USA,GK,Atlanta Utd,37-295,1984,7,7,612,6.8,0,0,0,0,0,0,0,0,0,0,0,0,0,0,0,0,0,0,0,0,0
258,Justin Haak,us USA,MF,NYCFC,20-292,2001,1,0,67,0.7,0,0,0,0,0,1,0,0,0,0,0,0,0,0,0,0,0,0,0,0,0
259,Luke Haakenson,us USA,MF,Nashville,24-294,1997,10,4,326,3.6,0,2,0,0,0,3,0,0,0.55,0.55,0,0.55,0.8,0.8,0.7,1.6,0.23,0.2,0.43,0.23,0.43
260,Teenage Hadebe,zw ZIM,DF,Houston Dynamo,26-287,1995,13,12,1062,11.8,1,0,1,0,0,9,1,0.08,0,0.08,0.08,0.08,0.6,0.6,0.5,1.2,0.05,0.05,0.1,0.05,0.1
261,Nick Hagglund,us USA,DF,FC Cincinnati,29-290,1992,15,15,1289,14.3,0,1,0,0,0,3,1,0,0.07,0.07,0,0.07,0.9,0.9,0.4,1.3,0.06,0.03,0.09,0.06,0.09
262,Marlon Hairston,us USA,DF,Columbus Crew,28-100,1994,1,0,74,0.8,0,0,0,0,0,0,0,0,0,0,0,0,0,0,0.1,0.1,0,0.07,0.07,0,0.07
263,Siad Haji,so SOM,DFFW,San Jose,22-212,1999,2,0,14,0.2,0,0,0,0,0,0,0,0,0,0,0,0,0,0,0.1,0.1,0,0.89,0.89,0,0.89
264,Michael Halliday,us USA,MFDF,Orlando City,19-160,2003,2,0,4,0,0,0,0,0,0,0,0,0,0,0,0,0,0,0,0,0,0,0,0,0,0
265,Ahmed Hamdi,eg EGY,MFFW,CF Montréal,24-141,1998,8,3,321,3.6,0,1,0,0,0,2,0,0,0.28,0.28,0,0.28,0.4,0.4,0.6,1,0.1,0.17,0.27,0.1,0.27
266,Bill Hamid,us USA,GK,D.C. United,31-218,1990,10,10,858,9.5,0,0,0,0,0,0,0,0,0,0,0,0,0,0,0,0,0,0,0,0,0
267,Niko Hansen,dk DEN,FW,Minnesota Utd,27-290,1994,1,0,28,0.3,0,0,0,0,0,0,0,0,0,0,0,0,0.1,0.1,0,0.1,0.3,0,0.3,0.3,0.3
268,Cameron Harper,us USA,DFFW,NY Red Bulls,20-224,2001,6,1,224,2.5,1,1,1,0,0,2,0,0.4,0.4,0.8,0.4,0.8,0.2,0.2,0.7,0.9,0.09,0.28,0.37,0.09,0.37
269,Nathan Harriel,us USA,DF,Philadelphia,21-069,2001,16,15,1326,14.7,0,1,0,0,0,2,0,0,0.07,0.07,0,0.07,0.4,0.4,0.4,0.8,0.03,0.03,0.05,0.03,0.05
270,Calvin Harris,eng ENG,FW,FC Cincinnati,22-103,2000,6,2,163,1.8,1,1,1,0,0,1,0,0.55,0.55,1.1,0.55,1.1,1.4,1.4,0.7,2.1,0.79,0.39,1.18,0.79,1.18
271,Thomas Hasal,ca CAN,GK,Vancouver,22-357,1999,9,9,789,8.8,0,0,0,0,0,0,0,0,0,0,0,0,0,0,0,0,0,0,0,0,0
272,Jacori Hayes,us USA,MFFW,Minnesota Utd,27-002,1995,4,0,27,0.3,0,0,0,0,0,1,0,0,0,0,0,0,0,0,0.1,0.1,0,0.32,0.32,0,0.32
273,Héber,br BRA,FW,NYCFC,30-325,1991,13,3,379,4.2,4,0,3,1,1,0,0,0.95,0,0.95,0.71,0.71,2,1.3,0.1,1.4,0.48,0.02,0.5,0.3,0.33
274,Matt Hedges,us USA,DF,FC Dallas,32-091,1990,14,14,1207,13.4,0,0,0,0,0,0,0,0,0,0,0,0,0.3,0.3,0.1,0.3,0.02,0,0.03,0.02,0.03
275,Chris Hegardt,us USA,FWMF,Charlotte FC,20-176,2002,3,0,19,0.2,0,0,0,0,0,1,0,0,0,0,0,0,0,0,0.2,0.2,0,0.86,0.86,0,0.86
276,Doneil Henry,ca CAN,DF,Los Angeles FC,29-072,1993,5,2,134,1.5,0,0,0,0,0,3,0,0,0,0,0,0,0,0,0,0,0,0,0,0,0
277,Fabian Herbers,de GER,FWMF,Chicago Fire,28-318,1993,13,7,602,6.7,1,1,1,0,0,3,0,0.15,0.15,0.3,0.15,0.3,0.6,0.6,1.4,1.9,0.09,0.2,0.29,0.09,0.29
278,Felipe Hernandez,us USA,MF,Sporting KC,24-023,1998,18,11,1062,11.8,1,3,1,0,0,2,0,0.08,0.25,0.34,0.08,0.34,0.9,0.9,2,2.9,0.07,0.17,0.24,0.07,0.24
279,Javier Hernández,mx MEX,FW,LA Galaxy,34-030,1988,16,15,1308,14.5,6,0,6,0,1,3,0,0.41,0,0.41,0.41,0.41,7.7,6.9,0.7,7.7,0.53,0.05,0.58,0.48,0.53
280,Ronald Hernández,ve VEN,DF,Atlanta Utd,24-283,1997,7,5,367,4.1,0,0,0,0,0,1,0,0,0,0,0,0,0,0,0.2,0.2,0,0.06,0.06,0,0.06
281,Aaron Herrera,us USA,DF,Real Salt Lake,25-025,1997,11,9,853,9.5,0,0,0,0,0,4,1,0,0,0,0,0,0.1,0.1,0.4,0.5,0.02,0.04,0.06,0.02,0.06
282,Gonzalo Higuaín,ar ARG,FW,Inter Miami,34-203,1987,11,5,531,5.9,2,1,0,2,2,2,0,0.34,0.17,0.51,0,0.17,1.9,0.4,2.5,2.9,0.32,0.42,0.75,0.07,0.49
283,Brendan Hines-Ike,us USA,DF,D.C. United,27-213,1994,14,14,1228,13.6,0,0,0,0,0,5,0,0,0,0,0,0,0.2,0.2,0.1,0.2,0.01,0.01,0.02,0.01,0.02
284,Bongokuhle Hlongwane,za RSA,FWMF,Minnesota Utd,22-011,2000,17,6,649,7.2,0,3,0,0,0,0,0,0,0.42,0.42,0,0.42,1.9,1.9,1.8,3.7,0.27,0.25,0.52,0.27,0.52
285,Danny Hoesen,nl NED,FWMF,Austin FC,31-167,1991,6,0,76,0.8,2,0,2,0,0,0,0,2.37,0,2.37,2.37,2.37,1.3,1.3,0,1.3,1.59,0,1.59,1.59,1.59
286,Ryan Hollingshead,us USA,DF,Los Angeles FC,31-076,1991,14,10,922,10.2,4,0,4,0,0,2,0,0.39,0,0.39,0.39,0.39,0.8,0.8,0.2,1,0.08,0.02,0.1,0.08,0.1
287,Erik Holt,us USA,DF,Real Salt Lake,25-298,1996,5,5,399,4.4,0,0,0,0,0,1,0,0,0,0,0,0,0.4,0.4,0,0.4,0.09,0,0.09,0.09,0.09
288,Jackson Hopkins,us USA,MFFW,D.C. United,18-000,2004,5,1,167,1.9,0,0,0,0,0,1,0,0,0,0,0,0,0.1,0.1,0.2,0.3,0.04,0.1,0.14,0.04,0.14
289,Adrien Hunou,fr FRA,FW,Minnesota Utd,28-163,1994,9,1,128,1.4,0,0,0,0,0,0,0,0,0,0,0,0,0.4,0.4,0,0.4,0.26,0.03,0.29,0.26,0.29
290,Erik Hurtado,us USA,FW,Columbus Crew,31-228,1990,5,2,202,2.2,3,0,3,0,0,1,0,1.34,0,1.34,1.34,1.34,1.6,1.6,0.2,1.8,0.72,0.07,0.79,0.72,0.79
291,Emerson Hyndman,us USA,MF,Atlanta Utd,26-083,1996,8,2,270,3,0,0,0,0,0,0,0,0,0,0,0,0,0,0,0.1,0.1,0,0.02,0.02,0,0.02
292,Franco Ibarra,ar ARG,MF,Atlanta Utd,21-064,2001,9,7,594,6.6,0,1,0,0,0,4,0,0,0.15,0.15,0,0.15,0.2,0.2,0.4,0.6,0.03,0.06,0.09,0.03,0.09
293,Sebastien Ibeagha,us USA,DF,Los Angeles FC,30-161,1992,9,8,782,8.7,0,0,0,0,0,3,0,0,0,0,0,0,0.2,0.2,0,0.3,0.02,0,0.03,0.02,0.03
294,Sunusi Ibrahim,ng NGA,FWMF,CF Montréal,19-273,2002,4,3,200,2.2,0,0,0,0,0,0,0,0,0,0,0,0,0.2,0.2,0.1,0.3,0.08,0.06,0.14,0.08,0.14
295,James Igbekeme,ng NGA,FWMF,Columbus Crew,26-362,1995,14,7,726,8.1,0,0,0,0,0,2,0,0,0,0,0,0,1,1,0.4,1.5,0.13,0.06,0.18,0.13,0.18
296,Tega Ikoba,us USA,FW,Portland Timbers,18-321,2003,2,0,23,0.3,0,0,0,0,0,0,0,0,0,0,0,0,0.1,0.1,0,0.1,0.48,0,0.48,0.48,0.48
297,Arnór Ingvi Traustason,is ISL,FWMF,New England,29-062,1993,10,4,329,3.7,0,0,0,0,0,1,0,0,0,0,0,0,0.6,0.6,0.7,1.3,0.17,0.19,0.37,0.17,0.37
298,Nicolas Isimat-Mirin,fr FRA,DF,Sporting KC,30-228,1991,13,11,971,10.8,0,0,0,0,0,2,0,0,0,0,0,0,0.3,0.3,0.5,0.8,0.03,0.05,0.08,0.03,0.08
299,Aljaž Ivačič,si SVN,GK,Portland Timbers,28-184,1993,17,17,1530,17,0,0,0,0,0,1,0,0,0,0,0,0,0,0,0,0,0,0,0,0,0
300,Stanislav Ivanov,bg BUL,FWMF,Chicago Fire,23-076,1999,11,11,762,8.5,1,0,1,0,0,0,0,0.12,0,0.12,0.12,0.12,1.3,1.3,0.9,2.2,0.16,0.1,0.26,0.16,0.26
301,Robin Jansson,se SWE,DF,Orlando City,30-228,1991,14,14,1250,13.9,1,1,1,0,0,10,1,0.07,0.07,0.14,0.07,0.14,0.5,0.5,0.2,0.7,0.03,0.02,0.05,0.03,0.05
302,Franco Jara,ar ARG,FW,FC Dallas,33-351,1988,15,2,378,4.2,2,1,1,1,1,0,0,0.48,0.24,0.71,0.24,0.48,4.3,3.5,0.5,4,1.01,0.12,1.13,0.83,0.95
303,Andres Jasson,us USA,DFFW,NYCFC,20-165,2002,8,2,245,2.7,0,1,0,0,0,1,0,0,0.37,0.37,0,0.37,0.1,0.1,0.2,0.3,0.04,0.08,0.12,0.04,0.12
304,Cal Jennings,us USA,FW,Los Angeles FC,25-045,1997,2,0,18,0.2,0,0,0,0,0,0,0,0,0,0,0,0,0,0,0,0,0,0,0,0,0
305,Hector Jiménez,us USA,DF,Austin FC,33-240,1988,10,5,441,4.9,0,2,0,0,0,2,0,0,0.41,0.41,0,0.41,0.1,0.1,1.7,1.8,0.02,0.34,0.36,0.02,0.36
306,Jesús Jiménez,es ESP,FW,Toronto FC,28-238,1993,17,17,1413,15.7,8,3,8,0,0,2,0,0.51,0.19,0.7,0.51,0.7,5.8,5.8,2.3,8.1,0.37,0.15,0.52,0.37,0.52
307,Sean Johnson,us USA,GK,NYCFC,33-031,1989,16,16,1440,16,0,0,0,0,0,0,0,0,0,0,0,0,0,0,0,0,0,0,0,0,0
308,Alistair Johnston,ca CAN,DF,CF Montréal,23-266,1998,17,16,1364,15.2,1,3,1,0,0,2,0,0.07,0.2,0.26,0.07,0.26,0.2,0.2,1.6,1.8,0.01,0.11,0.12,0.01,0.12
309,DeJuan Jones,us USA,DF,New England,25-007,1997,16,16,1422,15.8,1,3,1,0,0,3,0,0.06,0.19,0.25,0.06,0.25,0.6,0.6,1.6,2.2,0.04,0.1,0.14,0.04,0.14
310,Derrick Jones,us USA,MF,Charlotte FC,25-120,1997,5,2,162,1.8,1,0,1,0,0,0,0,0.56,0,0.56,0.56,0.56,0.9,0.9,0,0.9,0.52,0,0.52,0.52,0.52
311,Joevin Jones,tt TRI,DFFW,Inter Miami,30-332,1991,2,0,43,0.5,0,0,0,0,0,0,0,0,0,0,0,0,0,0,0,0,0,0,0,0,0
312,Jony,ar ARG,FW,Real Salt Lake,28-118,1994,4,1,144,1.6,0,0,0,0,0,0,0,0,0,0,0,0,0.4,0.4,0,0.4,0.27,0,0.27,0.27,0.27
313,Dejan Joveljić,rs SRB,FWMF,LA Galaxy,22-328,1999,14,1,316,3.5,5,2,5,0,0,3,0,1.42,0.57,1.99,1.42,1.99,2.8,2.8,2.2,5,0.79,0.63,1.41,0.79,1.41
314,Kamil Jóźwiak,pl POL,MFFW,Charlotte FC,24-070,1998,5,2,181,2,0,0,0,0,0,2,0,0,0,0,0,0,0.2,0.2,0.2,0.4,0.09,0.09,0.18,0.09,0.18
315,Judson,br BRA,MF,San Jose,29-037,1993,6,1,149,1.7,0,0,0,0,0,2,0,0,0,0,0,0,0,0,0,0,0.02,0,0.02,0.02,0.02
316,Anderson Julio,ec ECU,FW,Real Salt Lake,26-031,1996,4,0,60,0.7,0,1,0,0,0,0,0,0,1.5,1.5,0,1.5,0,0,0.1,0.1,0.05,0.09,0.14,0.05,0.14
317,Florian Jungwirth,de GER,DFMF,Vancouver,33-155,1989,10,8,677,7.5,0,0,0,0,0,2,0,0,0,0,0,0,0,0,0,0,0,0,0,0,0
318,Sam Junqua,us USA,DF,Houston Dynamo,25-234,1996,5,1,155,1.7,0,0,0,0,0,0,0,0,0,0,0,0,0,0,0,0,0.02,0,0.02,0.02,0.02
319,Chris Kablan,ch SUI,MF,Real Salt Lake,27-213,1994,1,0,4,0,0,0,0,0,0,0,0,0,0,0,0,0,0,0,0,0,0,0,0,0,0
320,Kristijan Kahlina,hr CRO,GK,Charlotte FC,29-342,1992,16,16,1440,16,0,0,0,0,0,1,0,0,0,0,0,0,0,0,0,0,0,0,0,0,0
321,Brent Kallman,us USA,DF,Minnesota Utd,31-270,1990,9,7,583,6.5,0,0,0,0,0,1,0,0,0,0,0,0,0.3,0.3,0.4,0.7,0.05,0.06,0.11,0.05,0.11
322,Kei Kamara,sl SLE,FW,CF Montréal,37-303,1984,16,7,851,9.5,3,5,3,0,0,0,0,0.32,0.53,0.85,0.32,0.85,3,3,1.4,4.4,0.31,0.15,0.47,0.31,0.47
323,Ola Kamara,no NOR,FW,D.C. United,32-259,1989,14,8,735,8.2,6,0,5,1,1,2,1,0.73,0,0.73,0.61,0.61,3.7,2.9,0.7,3.6,0.45,0.09,0.54,0.36,0.44
324,Alec Kann,us USA,GK,FC Cincinnati,31-327,1990,7,7,630,7,0,0,0,0,0,2,0,0,0,0,0,0,0,0,0,0,0,0,0,0,0
325,Johan Kappelhof,nl NED,DF,Real Salt Lake,31-330,1990,1,1,90,1,0,0,0,0,0,0,0,0,0,0,0,0,0.1,0.1,0,0.1,0.08,0,0.08,0.08,0.08
326,Wilfrid Kaptoum,cm CMR,MF,New England,25-359,1996,10,7,476,5.3,0,0,0,0,0,3,0,0,0,0,0,0,0.1,0.1,0,0.2,0.03,0.01,0.03,0.03,0.03
327,Ercan Kara,at AUT,FW,Orlando City,26-179,1996,17,12,1004,11.2,6,2,6,0,0,1,0,0.54,0.18,0.72,0.54,0.72,5.9,5.9,1.2,7.1,0.53,0.11,0.64,0.53,0.64
328,Mark-Anthony Kaye,ca CAN,MF,Colorado Rapids,27-211,1994,16,14,1191,13.2,3,1,3,0,0,2,0,0.23,0.08,0.3,0.23,0.3,2.2,2.2,1.2,3.5,0.17,0.09,0.26,0.17,0.26
329,Kipp Keller,us USA,DF,Austin FC,21-352,2000,4,2,203,2.3,0,0,0,0,0,2,0,0,0,0,0,0,0,0,0.1,0.1,0,0.02,0.02,0,0.02
330,Jon Kempin,us USA,GK,D.C. United,29-084,1993,2,2,180,2,0,0,0,0,0,0,0,0,0,0,0,0,0,0,0,0,0,0,0,0,0
331,Deandre Kerr,ca CAN,MFFW,Toronto FC,19-224,2002,12,6,728,8.1,2,0,2,0,0,1,0,0.25,0,0.25,0.25,0.25,1.2,1.2,0.4,1.7,0.15,0.05,0.2,0.15,0.2
332,Henry Kessler,us USA,DF,New England,24-006,1998,7,6,540,6,0,0,0,0,0,3,0,0,0,0,0,0,0.6,0.6,0,0.6,0.1,0,0.1,0.1,0.1
333,Benjamin Kikanovic,us USA,FWMF,San Jose,22-176,2000,12,3,384,4.3,0,0,0,0,0,1,0,0,0,0,0,0,0.6,0.6,0,0.6,0.13,0.01,0.14,0.13,0.14
334,Patryk Klimala,pl POL,FW,NY Red Bulls,23-330,1998,15,11,936,10.4,4,3,3,1,2,4,0,0.38,0.29,0.67,0.29,0.58,5.3,3.8,1.9,5.7,0.51,0.18,0.69,0.36,0.55
335,Sacha Kljestan,us USA,MF,LA Galaxy,36-295,1985,10,0,239,2.7,1,1,0,1,1,0,0,0.38,0.38,0.75,0,0.38,0.9,0.2,0.2,0.3,0.35,0.06,0.41,0.06,0.12
336,Brad Knighton,us USA,GK,New England,37-145,1985,4,4,360,4,0,0,0,0,0,0,0,0,0,0,0,0,0,0,0,0,0,0,0,0,0
337,Žan Kolmanič,si SVN,DF,Austin FC,22-120,2000,14,9,798,8.9,0,2,0,0,0,1,0,0,0.23,0.23,0,0.23,0.1,0.1,1.5,1.7,0.01,0.17,0.19,0.01,0.19
338,Ismaël Koné,ca CAN,MF,CF Montréal,20-025,2002,13,9,811,9,1,2,1,0,0,5,0,0.11,0.22,0.33,0.11,0.33,0.5,0.5,0.9,1.4,0.06,0.1,0.16,0.06,0.16
339,Damir Kreilach,hr CRO,MFFW,Real Salt Lake,33-076,1989,5,3,300,3.3,1,0,1,0,0,1,0,0.3,0,0.3,0.3,0.3,1.5,1.5,0.1,1.6,0.46,0.02,0.48,0.46,0.48
340,Theodore Ku-Dipietro,us USA,MFFW,D.C. United,20-154,2002,2,0,23,0.3,0,0,0,0,0,0,0,0,0,0,0,0,0,0,0,0,0,0,0,0,0
341,Yuya Kubo,jp JPN,MF,FC Cincinnati,28-189,1993,11,8,700,7.8,0,0,0,0,0,3,0,0,0,0,0,0,0.5,0.5,0.8,1.3,0.06,0.1,0.16,0.06,0.16
342,Jojea Kwizera,cg CGO,DFMF,CF Montréal,23-181,1999,2,0,18,0.2,0,0,0,0,0,0,0,0,0,0,0,0,0,0,0,0.1,0.12,0.25,0.37,0.12,0.37
343,Lassi Lappalainen,fi FIN,DF,CF Montréal,23-311,1998,16,15,1101,12.2,1,1,1,0,0,1,0,0.08,0.08,0.16,0.08,0.16,1.2,1.2,0.6,1.8,0.1,0.05,0.14,0.1,0.14
344,Jesús David Murillo Largacha,co COL,DF,Los Angeles FC,28-133,1994,13,13,1139,12.7,1,2,1,0,0,5,0,0.08,0.16,0.24,0.08,0.24,1.7,1.7,0,1.7,0.14,0,0.14,0.14,0.14
345,Ariel Lassiter,cr CRC,FWMF,Inter Miami,27-277,1994,16,11,1018,11.3,1,2,1,0,0,2,0,0.09,0.18,0.27,0.09,0.27,1.8,1.8,3,4.8,0.16,0.27,0.42,0.16,0.42
346,Vuk Latinovich,us USA,DF,NYCFC,24-290,1997,2,0,21,0.2,0,0,0,0,0,0,0,0,0,0,0,0,0,0,0,0,0,0,0,0,0
347,Kemar Lawrence,jm JAM,DF,Minnesota Utd,29-287,1992,13,12,1084,12,0,1,0,0,0,1,0,0,0.08,0.08,0,0.08,0.2,0.2,0.8,1,0.02,0.07,0.08,0.02,0.08
348,Randall Leal,cr CRC,MFFW,Nashville,25-168,1997,12,11,888,9.9,1,3,0,1,1,2,0,0.1,0.3,0.41,0,0.3,1.3,0.6,2.2,2.7,0.13,0.22,0.35,0.06,0.28
349,Kelvin Leerdam,sr SUR,DFMF,LA Galaxy,32-007,1990,6,4,386,4.3,0,0,0,0,0,1,0,0,0,0,0,0,0.2,0.2,0,0.2,0.04,0.01,0.05,0.04,0.05
350,Brooks Lennon,us USA,DFFW,Atlanta Utd,24-282,1997,14,13,1170,13,2,2,2,0,0,1,0,0.15,0.15,0.31,0.15,0.31,1.6,1.6,4.2,5.7,0.12,0.32,0.44,0.12,0.44
351,Jonathan Lewis,us USA,FW,Colorado Rapids,25-027,1997,16,12,1090,12.1,2,0,2,0,0,2,0,0.17,0,0.17,0.17,0.17,4.1,4.1,0.7,4.7,0.33,0.06,0.39,0.33,0.39
352,Danny Leyva,us USA,MF,Seattle,19-057,2003,5,1,111,1.2,0,1,0,0,0,0,0,0,0.81,0.81,0,0.81,0,0,0.1,0.1,0,0.1,0.1,0,0.1
353,Azaad Liadi,us USA,MF,D.C. United,24-048,1998,1,0,9,0.1,0,0,0,0,0,0,0,0,0,0,0,0,0,0,0,0,0,0,0,0,0
354,Nick Lima,us USA,DF,Austin FC,27-226,1994,16,11,984,10.9,0,2,0,0,0,1,0,0,0.18,0.18,0,0.18,0.4,0.4,1,1.3,0.03,0.09,0.12,0.03,0.12
355,Jaylin Lindsey,us USA,DF,Charlotte FC,22-096,2000,16,14,1231,13.7,0,0,0,0,0,2,0,0,0,0,0,0,0.1,0.1,0.9,1.1,0.01,0.07,0.08,0.01,0.08
356,Sebastian Lletget,us USA,MFFW,New England,29-301,1992,14,13,1051,11.7,2,2,2,0,0,1,0,0.17,0.17,0.34,0.17,0.34,2.4,2.4,0.7,3.1,0.21,0.06,0.27,0.21,0.27
357,Robin Lod,fi FIN,FW,Minnesota Utd,29-075,1993,16,16,1377,15.3,6,2,6,0,0,4,0,0.39,0.13,0.52,0.39,0.52,5.7,5.7,1.8,7.5,0.37,0.11,0.49,0.37,0.49
358,Nicolás Lodeiro,uy URU,MF,Seattle,33-102,1989,11,9,794,8.8,3,3,1,2,2,1,0,0.34,0.34,0.68,0.11,0.45,2.6,1.1,2,3,0.29,0.22,0.52,0.12,0.34
359,Jasper Löeffelsend,us USA,MF,Real Salt Lake,24-265,1997,14,7,662,7.4,0,1,0,0,0,3,0,0,0.14,0.14,0,0.14,0.1,0.1,0.6,0.6,0.01,0.08,0.09,0.01,0.09
360,Aaron Long,us USA,DF,NY Red Bulls,29-262,1992,14,14,1151,12.8,2,0,2,0,0,2,0,0.16,0,0.16,0.16,0.16,1.6,1.6,0.4,2,0.13,0.03,0.16,0.13,0.16
361,Marcos López,pe PER,DF,San Jose,22-223,1999,12,11,935,10.4,0,0,0,0,0,3,0,0,0,0,0,0,0.4,0.4,0.3,0.7,0.04,0.03,0.07,0.04,0.07
362,Marvin Loría,cr CRC,FWMF,Portland Timbers,25-068,1997,13,5,434,4.8,1,1,1,0,0,0,0,0.21,0.21,0.41,0.21,0.41,0.8,0.8,0.5,1.3,0.17,0.1,0.27,0.17,0.27
363,Daniel Lovitz,us USA,DF,Nashville,30-308,1991,15,14,1263,14,1,1,1,0,0,4,0,0.07,0.07,0.14,0.07,0.14,0.7,0.7,0.9,1.6,0.05,0.07,0.11,0.05,0.11
364,Damion Lowe,jm JAM,DF,Inter Miami,29-057,1993,14,14,1229,13.7,1,0,1,0,0,6,1,0.07,0,0.07,0.07,0.07,0.3,0.3,0.1,0.4,0.02,0,0.03,0.02,0.03
365,Everton Luiz,br BRA,MF,Real Salt Lake,34-038,1988,12,4,435,4.8,0,0,0,0,0,3,0,0,0,0,0,0,0,0,0.1,0.1,0.01,0.01,0.02,0.01,0.02
366,Diego Luna,us USA,MF,Real Salt Lake,18-297,2003,1,0,3,0,0,0,0,0,0,0,0,0,0,0,0,0,0,0,0,0,0,0,0,0,0
367,Adam Lundqvist,se SWE,DF,Houston Dynamo,28-103,1994,16,16,1384,15.4,0,4,0,0,0,2,1,0,0.26,0.26,0,0.26,0.2,0.2,1.4,1.6,0.01,0.09,0.1,0.01,0.1
368,Luquinhas,br BRA,MFFW,NY Red Bulls,25-276,1996,14,9,859,9.5,5,2,5,0,0,1,0,0.52,0.21,0.73,0.52,0.73,1.7,1.7,1.5,3.3,0.18,0.16,0.34,0.18,0.34
369,Jack Lynn,us USA,MF,Orlando City,22-170,2000,1,0,3,0,0,0,0,0,0,0,0,0,0,0,0,0,0,0,0,0,0,0,0,0,0
370,Larrys Mabiala,cd COD,DF,Portland Timbers,34-266,1987,9,7,657,7.3,0,0,0,0,0,5,0,0,0,0,0,0,0,0,0,0,0.01,0,0.01,0.01,0.01
371,Aimé Mabika,zm ZAM,DF,Inter Miami,23-319,1998,7,5,394,4.4,0,0,0,0,0,1,0,0,0,0,0,0,0,0,0,0,0,0,0,0,0
372,Maciel,br BRA,MF,New England,22-164,2000,8,1,233,2.6,0,0,0,0,0,0,0,0,0,0,0,0,0,0,0,0,0,0,0,0,0
373,Zac MacMath,us USA,GK,Real Salt Lake,30-328,1991,17,17,1530,17,0,0,0,0,0,1,0,0,0,0,0,0,0,0,0,0,0,0,0,0,0
374,Lukas MacNaughton,us USA,DF,Toronto FC,27-115,1995,12,8,744,8.3,0,0,0,0,0,2,0,0,0,0,0,0,0.1,0.1,0.1,0.1,0.01,0.01,0.02,0.01,0.02
375,Talles Magno,br BRA,FW,NYCFC,20-005,2002,16,15,1254,13.9,4,4,4,0,0,1,0,0.29,0.29,0.57,0.29,0.57,4.6,4.6,3,7.6,0.33,0.21,0.54,0.33,0.54
376,Jack Maher,us USA,DF,Nashville,22-246,1999,15,12,1166,13,0,0,0,0,0,1,0,0,0,0,0,0,0.1,0.1,0,0.1,0.01,0,0.01,0.01,0.01
377,Christian Makoun,ve VEN,DF,Charlotte FC,22-118,2000,11,8,803,8.9,0,0,0,0,0,1,0,0,0,0,0,0,0.2,0.2,0,0.2,0.02,0,0.02,0.02,0.02
378,Machop Malual,ss SSD,DF,Atlanta Utd,23-229,1998,1,0,9,0.1,0,0,0,0,0,0,0,0,0,0,0,0,0,0,0,0,0,0,0,0,0
379,J.T. Marcinkowski,us USA,GK,San Jose,25-053,1997,16,16,1440,16,0,0,0,0,0,0,0,0,0,0,0,0,0,0,0,0,0,0,0,0,0
380,Paul Marie,fr FRA,DF,San Jose,27-099,1995,15,14,1162,12.9,0,0,0,0,0,4,0,0,0,0,0,0,0.9,0.9,0.6,1.5,0.07,0.05,0.11,0.07,0.11
381,Anthony Markanich,us USA,DF,Colorado Rapids,22-187,1999,2,2,144,1.6,0,0,0,0,0,0,0,0,0,0,0,0,0.1,0.1,0.4,0.5,0.06,0.22,0.28,0.06,0.28
382,Nick Markanich,us USA,FWMF,FC Cincinnati,22-187,1999,8,1,106,1.2,0,0,0,0,0,0,0,0,0,0,0,0,0.9,0.9,0,0.9,0.79,0,0.79,0.79,0.79
383,George Marks,us USA,GK,Charlotte FC,22-233,1999,1,1,90,1,0,0,0,0,0,0,0,0,0,0,0,0,0,0,0,0,0,0,0,0,0
384,Jahkeele Marshall-Rutty,ca CAN,DF,Toronto FC,18-015,2004,7,3,271,3,0,0,0,0,0,0,0,0,0,0,0,0,0,0,0.3,0.3,0.01,0.1,0.12,0.01,0.12
385,Nick Marsman,nl NED,GK,Inter Miami,31-273,1990,5,5,450,5,0,0,0,0,0,2,0,0,0,0,0,0,0,0,0,0,0,0,0,0,0
386,Josef Martínez,ve VEN,FW,Atlanta Utd,29-043,1993,8,7,630,7,3,3,2,1,1,0,0,0.43,0.43,0.86,0.29,0.71,2.4,1.6,1.2,2.8,0.34,0.17,0.51,0.23,0.4
387,Luís Martins,pt POR,DF,Vancouver,30-021,1992,5,1,127,1.4,0,0,0,0,0,0,0,0,0,0,0,0,0,0,0,0,0.03,0,0.03,0.03,0.03
388,Thiago Martins,br BRA,DF,NYCFC,27-106,1995,12,11,981,10.9,0,0,0,0,0,3,0,0,0,0,0,0,0.5,0.5,0,0.5,0.04,0,0.04,0.04,0.04
389,Alexandru Mățan,ro ROU,FWMF,Columbus Crew,22-306,1999,6,0,32,0.4,0,0,0,0,0,0,0,0,0,0,0,0,0.7,0.7,0,0.7,2.02,0,2.02,2.02,2.02
390,Rónald Matarrita,cr CRC,DF,FC Cincinnati,27-357,1994,2,2,174,1.9,1,2,1,0,0,1,0,0.52,1.03,1.55,0.52,1.55,0.1,0.1,0.4,0.5,0.07,0.21,0.27,0.07,0.27
391,Jimmy Maurer,us USA,GK,FC Dallas,33-260,1988,2,2,180,2,0,0,0,0,0,0,0,0,0,0,0,0,0,0,0,0,0,0,0,0,0
392,José Mauri,it ITA,MF,Sporting KC,26-046,1996,1,0,27,0.3,0,0,0,0,0,1,0,0,0,0,0,0,0,0,0,0,0,0,0,0,0
393,Chris Mavinga,cd COD,DF,Toronto FC,31-036,1991,6,6,433,4.8,0,0,0,0,0,0,0,0,0,0,0,0,0,0,0,0,0,0,0,0,0
394,Max,br BRA,FWMF,Colorado Rapids,21-050,2001,12,4,311,3.5,0,0,0,0,0,2,0,0,0,0,0,0,0.8,0.8,0.1,0.9,0.23,0.03,0.27,0.23,0.27
395,Olivier Mbaizo,cm CMR,DF,Philadelphia,24-320,1997,5,2,219,2.4,0,0,0,0,0,0,0,0,0,0,0,0,0,0,0.4,0.4,0.02,0.15,0.17,0.02,0.17
396,John McCarthy,us USA,GK,Los Angeles FC,29-362,1992,1,1,90,1,0,0,0,0,0,0,0,0,0,0,0,0,0,0,0,0,0,0,0,0,0
397,Dax McCarty,us USA,MF,Nashville,35-062,1987,14,9,768,8.5,0,1,0,0,0,1,1,0,0.12,0.12,0,0.12,0.3,0.3,1.7,1.9,0.03,0.2,0.23,0.03,0.23
398,Aiden McFadden,us USA,DF,Atlanta Utd,23-276,1998,2,1,82,0.9,0,0,0,0,0,0,0,0,0,0,0,0,0.2,0.2,0,0.2,0.2,0,0.2,0.2,0.2
399,Jack McGlynn,us USA,MF,Philadelphia,18-359,2003,8,0,140,1.6,0,0,0,0,0,2,0,0,0,0,0,0,0.1,0.1,0.3,0.4,0.06,0.18,0.24,0.06,0.24
400,Zac McGraw,us USA,DF,Portland Timbers,25-023,1997,12,5,501,5.6,0,0,0,0,0,0,0,0,0,0,0,0,0,0,0,0,0,0,0,0,0
401,Thomas McNamara,us USA,MF,New England,31-145,1991,17,14,1208,13.4,1,0,1,0,0,5,0,0.07,0,0.07,0.07,0.07,0.8,0.8,0.1,0.9,0.06,0.01,0.07,0.06,0.07
402,Quinn McNeill,us USA,MF,Charlotte FC,23-305,1998,1,0,23,0.3,0,0,0,0,0,0,0,0,0,0,0,0,0,0,0,0,0,0,0,0,0
403,Christopher McVey,se SWE,DF,Inter Miami,25-080,1997,16,16,1440,16,0,1,0,0,0,2,0,0,0.06,0.06,0,0.06,0.8,0.8,0.5,1.3,0.05,0.03,0.08,0.05,0.08
404,Ryan Meara,us USA,GK,NY Red Bulls,31-228,1990,1,1,90,1,0,0,0,0,0,0,0,0,0,0,0,0,0,0,0,0,0,0,0,0,0
405,Jimmy Medranda,co COL,DFMF,Seattle,28-144,1994,10,3,269,3,0,1,0,0,0,0,0,0,0.33,0.33,0,0.33,0.5,0.5,0.2,0.8,0.18,0.08,0.26,0.18,0.26
406,Haris Medunjanin,ba BIH,MF,FC Cincinnati,37-115,1985,15,4,388,4.3,0,0,0,0,0,1,0,0,0,0,0,0,0,0,1.3,1.4,0.01,0.31,0.32,0.01,0.32
407,Tim Melia,us USA,GK,Sporting KC,36-047,1986,18,18,1620,18,0,0,0,0,0,1,0,0,0,0,0,0,0,0,0.2,0.2,0,0.01,0.01,0,0.01
408,Jhegson Méndez,ec ECU,MF,Orlando City,25-066,1997,12,4,372,4.1,0,0,0,0,0,2,0,0,0,0,0,0,0,0,0.1,0.1,0,0.03,0.03,0,0.03
409,Jonathan Mensah,gh GHA,DF,Columbus Crew,31-353,1990,15,15,1350,15,1,1,1,0,0,3,0,0.07,0.07,0.13,0.07,0.13,0.9,0.9,0.1,1,0.06,0.01,0.07,0.06,0.07
410,Justin Meram,iq IRQ,MFFW,Real Salt Lake,33-209,1988,16,16,1290,14.3,2,3,2,0,0,1,0,0.14,0.21,0.35,0.14,0.35,1.9,1.9,3.3,5.2,0.13,0.23,0.36,0.13,0.36
411,Romain Métanire,mg MAD,DF,Minnesota Utd,32-095,1990,1,0,23,0.3,0,0,0,0,0,0,0,0,0,0,0,0,0,0,0,0,0,0,0,0,0
412,Nicolás Mezquida,uy URU,MFFW,Colorado Rapids,30-161,1992,9,0,112,1.2,0,0,0,0,0,0,0,0,0,0,0,0,0.1,0.1,0.1,0.2,0.06,0.12,0.18,0.06,0.18
413,Benji Michel,us USA,FW,Orlando City,24-251,1997,14,6,651,7.2,1,0,1,0,0,1,0,0.14,0,0.14,0.14,0.14,1.1,1.1,0.1,1.2,0.16,0.01,0.17,0.16,0.17
414,Djordje Mihailovic,us USA,MFFW,CF Montréal,23-233,1998,14,13,1069,11.9,7,3,7,0,0,3,0,0.59,0.25,0.84,0.59,0.84,3.6,3.6,2.9,6.4,0.3,0.24,0.54,0.3,0.54
415,Matko Miljevic,us USA,MFFW,CF Montréal,21-053,2001,11,4,365,4.1,0,0,0,0,0,2,0,0,0,0,0,0,0.5,0.5,0.5,1,0.12,0.12,0.25,0.12,0.25
416,Eric Miller,us USA,DF,Nashville,29-167,1993,11,10,789,8.8,0,0,0,0,0,2,0,0,0,0,0,0,0.1,0.1,0.3,0.4,0.01,0.03,0.04,0.01,0.04
417,Kamal Miller,ca CAN,DF,CF Montréal,25-046,1997,14,14,1236,13.7,1,3,1,0,0,2,0,0.07,0.22,0.29,0.07,0.29,1,1,0.5,1.4,0.07,0.03,0.11,0.07,0.11
418,Tyler Miller,us USA,GK,Minnesota Utd,29-111,1993,2,2,180,2,0,0,0,0,0,0,0,0,0,0,0,0,0,0,0,0,0,0,0,0,0
419,Kevin Molino,tt TRI,FW,Columbus Crew,32-014,1990,1,0,20,0.2,0,0,0,0,0,0,0,0,0,0,0,0,0,0,0,0,0.12,0,0.12,0.12,0.12
420,Jamiro Monteiro,cv CPV,MF,San Jose,28-220,1993,15,15,1234,13.7,3,4,3,0,0,0,1,0.22,0.29,0.51,0.22,0.51,1.7,1.7,3,4.7,0.12,0.22,0.34,0.12,0.34
421,Fredy Montero,co COL,FWMF,Seattle,34-340,1987,12,7,661,7.3,1,0,0,1,1,0,0,0.14,0,0.14,0,0,2.7,1.9,1.4,3.3,0.36,0.19,0.56,0.26,0.45
422,Kim Moonhwan,kr KOR,DF,Los Angeles FC,26-334,1995,1,1,78,0.9,0,0,0,0,0,1,0,0,0,0,0,0,0,0,0,0,0,0,0,0,0
423,Drew Moor,us USA,DF,Colorado Rapids,38-167,1984,4,1,160,1.8,0,0,0,0,0,0,0,0,0,0,0,0,0.1,0.1,0,0.1,0.06,0,0.06,0.06,0.06
424,Felipe Mora,cl CHI,FW,Portland Timbers,28-333,1993,2,0,36,0.4,0,0,0,0,0,0,0,0,0,0,0,0,0.1,0.1,0,0.1,0.31,0,0.31,0.31,0.31
425,Joseph Mora,cr CRC,DF,Charlotte FC,29-167,1993,13,13,1130,12.6,0,0,0,0,0,1,0,0,0,0,0,0,0.1,0.1,1,1.1,0.01,0.08,0.09,0.01,0.09
426,Alfredo Morales,us USA,MFDF,NYCFC,32-050,1990,15,13,1171,13,0,1,0,0,0,4,1,0,0.08,0.08,0,0.08,0.8,0.8,0.5,1.3,0.06,0.04,0.1,0.06,0.1
427,Maximiliano Moralez,ar ARG,MF,NYCFC,35-124,1987,13,11,978,10.9,0,6,0,0,1,2,0,0,0.55,0.55,0,0.55,1.7,0.9,4.6,5.5,0.15,0.42,0.57,0.08,0.5
428,Steven Moreira,fr FRA,DF,Columbus Crew,27-322,1994,15,15,1276,14.2,0,1,0,0,0,3,0,0,0.07,0.07,0,0.07,0.4,0.4,1.8,2.2,0.03,0.12,0.15,0.03,0.15
429,Junior Moreno,ve VEN,MF,FC Cincinnati,28-346,1993,14,14,1206,13.4,2,0,2,0,0,3,0,0.15,0,0.15,0.15,0.15,0.9,0.9,0.8,1.6,0.06,0.06,0.12,0.06,0.12
430,Marcelino Moreno,ar ARG,MFFW,Atlanta Utd,28-006,1994,15,12,1106,12.3,2,3,2,0,1,3,0,0.16,0.24,0.41,0.16,0.41,2.1,1.3,3.1,4.4,0.17,0.25,0.42,0.11,0.35
431,Santiago Moreno,co COL,FWMF,Portland Timbers,22-071,2000,18,13,1099,12.2,3,3,2,1,1,1,0,0.25,0.25,0.49,0.16,0.41,2.5,1.7,3,4.7,0.21,0.24,0.45,0.14,0.39
432,Lewis Morgan,sct SCO,DFFW,NY Red Bulls,25-274,1996,16,16,1354,15,7,1,5,2,2,1,0,0.47,0.07,0.53,0.33,0.4,4.9,3.3,2,5.4,0.32,0.14,0.46,0.22,0.36
433,Aidan Morris,us USA,MF,Columbus Crew,20-227,2001,10,7,653,7.3,0,0,0,0,0,2,0,0,0,0,0,0,0.2,0.2,0.1,0.3,0.03,0.01,0.04,0.03,0.04
434,Jordan Morris,us USA,FW,Seattle,27-248,1994,13,11,973,10.8,5,1,5,0,0,2,0,0.46,0.09,0.55,0.46,0.55,5.2,5.2,2.7,7.9,0.48,0.25,0.73,0.48,0.73
435,Jean Mota,br BRA,MF,Inter Miami,28-259,1993,15,15,1183,13.1,0,1,0,0,0,5,1,0,0.08,0.08,0,0.08,1,1,1,2,0.07,0.08,0.15,0.07,0.15
436,João Moutinho,pt POR,DF,Orlando City,24-170,1998,16,16,1436,16,2,0,2,0,0,3,0,0.13,0,0.13,0.13,0.13,1.1,1.1,0.5,1.5,0.07,0.03,0.1,0.07,0.1
437,Chris Mueller,us USA,FWMF,Chicago Fire,25-306,1996,8,7,620,6.9,1,0,1,0,0,1,0,0.15,0,0.15,0.15,0.15,2,2,0.5,2.5,0.29,0.07,0.36,0.29,0.36
438,Hany Mukhtar,de GER,FWMF,Nashville,27-102,1995,17,16,1441,16,8,3,8,0,1,2,0,0.5,0.19,0.69,0.5,0.69,8.4,7.6,4.2,11.8,0.52,0.26,0.79,0.48,0.74
439,Jake Mulraney,ie IRL,FWDF,Atlanta Utd,26-087,1996,7,1,184,2,1,0,1,0,0,0,0,0.49,0,0.49,0.49,0.49,0.3,0.3,0.1,0.4,0.14,0.07,0.2,0.14,0.2
440,Jake Mulraney,ie IRL,FW,Orlando City,26-087,1996,7,4,315,3.5,0,0,0,0,0,1,0,0,0,0,0,0,0.4,0.4,0.2,0.6,0.11,0.06,0.17,0.11,0.17
441,Eddie Munjoma,us USA,FWMF,FC Dallas,23-348,1998,1,0,5,0.1,0,0,0,0,0,0,0,0,0,0,0,0,0,0,0,0,0,0,0,0,0
442,Ian Murphy,us USA,DF,FC Cincinnati,22-166,2000,13,9,783,8.7,1,0,1,0,0,0,0,0.11,0,0.11,0.11,0.11,0.1,0.1,0.3,0.4,0.01,0.03,0.04,0.01,0.04
443,Daniel Musovski,us USA,FWMF,Los Angeles FC,26-213,1995,14,4,406,4.5,2,1,2,0,0,2,0,0.44,0.22,0.67,0.44,0.67,2.6,2.6,0.3,2.9,0.57,0.07,0.64,0.57,0.64
444,Alex Muyl,us USA,DF,Nashville,26-274,1995,16,13,1181,13.1,2,1,2,0,0,5,0,0.15,0.08,0.23,0.15,0.23,1.4,1.4,1.3,2.7,0.11,0.1,0.21,0.11,0.21
445,Darlington Nagbe,us USA,MF,Columbus Crew,31-347,1990,16,16,1425,15.8,3,0,3,0,0,1,0,0.19,0,0.19,0.19,0.19,2,2,1.3,3.4,0.13,0.08,0.21,0.13,0.21
446,Andy Najar,hn HON,DF,D.C. United,29-107,1993,8,8,591,6.6,0,1,0,0,0,5,0,0,0.15,0.15,0,0.15,0.3,0.3,0.3,0.6,0.05,0.04,0.08,0.05,0.08
447,Federico Navarro,ar ARG,MF,Chicago Fire,22-114,2000,15,12,1111,12.3,1,0,1,0,0,5,1,0.08,0,0.08,0.08,0.08,0.5,0.5,0.1,0.6,0.04,0.01,0.05,0.04,0.05
448,Miguel Navarro,ve VEN,DF,Chicago Fire,23-125,1999,12,12,1079,12,0,0,0,0,0,6,0,0,0,0,0,0,0.1,0.1,0.7,0.8,0.01,0.06,0.07,0.01,0.07
449,Logan Ndenbe,be BEL,DF,Sporting KC,22-142,2000,16,14,1266,14.1,0,0,0,0,0,2,0,0,0,0,0,0,0.1,0.1,0.4,0.5,0.01,0.03,0.04,0.01,0.04
450,Dylan Nealis,us USA,DF,NY Red Bulls,23-336,1998,15,11,946,10.5,0,1,0,0,0,7,1,0,0.1,0.1,0,0.1,0.2,0.2,0.5,0.7,0.02,0.05,0.07,0.02,0.07
451,Sean Nealis,us USA,DF,NY Red Bulls,25-169,1997,17,17,1530,17,0,0,0,0,0,4,0,0,0,0,0,0,1.2,1.2,0.1,1.3,0.07,0.01,0.08,0.07,0.08
452,Jayden Nelson,ca CAN,MFFW,Toronto FC,19-278,2002,16,13,986,11,1,2,1,0,0,4,0,0.09,0.18,0.27,0.09,0.27,1.5,1.5,0.9,2.4,0.14,0.08,0.22,0.14,0.22
453,John Nelson,us USA,DF,FC Cincinnati,23-355,1998,11,9,721,8,0,1,0,0,0,1,0,0,0.12,0.12,0,0.12,0.1,0.1,0.5,0.6,0.01,0.07,0.08,0.01,0.08
454,Michael Nelson,us USA,GK,Houston Dynamo,27-141,1995,1,1,90,1,0,0,0,0,0,0,0,0,0,0,0,0,0,0,0,0,0,0,0,0,0
455,Jake Nerwinski,us USA,DF,Vancouver,27-257,1994,12,11,948,10.5,0,0,0,0,0,2,1,0,0,0,0,0,0.3,0.3,0.1,0.4,0.03,0.01,0.04,0.03,0.04
456,Serge Ngoma,us USA,MFFW,NY Red Bulls,16-357,2005,3,0,23,0.3,0,0,0,0,0,0,0,0,0,0,0,0,0,0,0,0,0,0,0,0,0
457,Jarosław Niezgoda,pl POL,FW,Portland Timbers,27-108,1995,14,13,1043,11.6,5,0,5,0,0,0,0,0.43,0,0.43,0.43,0.43,3.3,3.3,0.9,4.2,0.28,0.08,0.36,0.28,0.36
458,Chinonso Nnamdi Offor,ng NGA,FW,Chicago Fire,22-035,2000,5,3,259,2.9,1,0,1,0,0,1,0,0.35,0,0.35,0.35,0.35,1.3,1.3,0.1,1.4,0.44,0.04,0.48,0.44,0.48
459,Tsiki Ntsabeleng,za RSA,MF,FC Dallas,24-142,1998,14,5,441,4.9,1,0,1,0,0,2,0,0.2,0,0.2,0.2,0.2,1.4,1.4,0.2,1.6,0.29,0.03,0.33,0.29,0.33
460,Obinna Nwobodo,ng NGA,MF,FC Cincinnati,25-214,1996,9,8,714,7.9,0,0,0,0,0,5,0,0,0,0,0,0,0.1,0.1,0,0.1,0.01,0.01,0.02,0.01,0.02
461,Moses Nyeman,us USA,MF,D.C. United,18-238,2003,2,2,142,1.6,0,0,0,0,0,0,1,0,0,0,0,0,0,0,0,0,0.02,0,0.02,0.02,0.02
462,Shane O'Neill,us USA,DF,Toronto FC,28-302,1993,14,12,1084,12,0,1,0,0,0,3,0,0,0.08,0.08,0,0.08,0,0,0.9,0.9,0,0.07,0.07,0,0.07
463,Jáder Obrian,co COL,FW,FC Dallas,27-044,1995,15,9,791,8.8,1,2,1,0,0,3,0,0.11,0.23,0.34,0.11,0.34,2.1,2.1,2.8,4.9,0.24,0.32,0.56,0.24,0.56
464,Chris Odoi-Atsem,us USA,DF,D.C. United,27-034,1995,4,0,84,0.9,0,0,0,0,0,0,0,0,0,0,0,0,0,0,0,0,0,0,0,0,0
465,Noble Okello,ca CAN,MF,Toronto FC,21-346,2000,4,1,158,1.8,0,0,0,0,0,0,0,0,0,0,0,0,0.5,0.5,0.1,0.6,0.28,0.04,0.32,0.28,0.32
466,Wyatt Omsberg,us USA,DF,Chicago Fire,26-283,1995,14,14,1259,14,1,0,1,0,0,2,0,0.07,0,0.07,0.07,0.07,1.3,1.3,0,1.3,0.09,0,0.09,0.09,0.09
467,Kwadwo Opoku,gh GHA,FWMF,Los Angeles FC,20-353,2001,17,13,973,10.8,4,0,4,0,0,0,0,0.37,0,0.37,0.37,0.37,4.3,4.3,1,5.2,0.39,0.09,0.48,0.39,0.48
468,Arquimides Ordonez,gt GUA,FWMF,FC Cincinnati,18-330,2003,4,0,48,0.5,0,0,0,0,0,0,0,0,0,0,0,0,0.1,0.1,0,0.1,0.27,0,0.27,0.27,0.27
469,Jaziel Orozco,us USA,DF,Real Salt Lake,18-029,2004,4,3,315,3.5,0,0,0,0,0,0,0,0,0,0,0,0,0.1,0.1,0,0.1,0.03,0,0.03,0.03,0.03
470,Christian Ortiz,ar ARG,MFFW,Charlotte FC,29-315,1992,14,7,574,6.4,1,2,1,0,0,4,0,0.16,0.31,0.47,0.16,0.47,0.6,0.6,2.1,2.7,0.09,0.33,0.42,0.09,0.42
471,Jonathan Osorio,ca CAN,MF,Toronto FC,30-019,1992,13,11,859,9.5,4,3,4,0,0,4,0,0.42,0.31,0.73,0.42,0.73,1.5,1.5,1.1,2.6,0.15,0.12,0.27,0.15,0.27
472,Leonard Owusu,gh GHA,MF,Vancouver,25-028,1997,9,7,454,5,0,0,0,0,0,0,0,0,0,0,0,0,0.1,0.1,0,0.1,0.01,0.01,0.02,0.01,0.02
473,Maarten Paes,nl NED,GK,FC Dallas,24-048,1998,15,15,1350,15,0,0,0,0,0,1,0,0,0,0,0,0,0,0,0,0,0,0,0,0,0
474,Diego Palacios,ec ECU,DF,Los Angeles FC,22-354,1999,14,14,1236,13.7,1,2,1,0,0,4,0,0.07,0.15,0.22,0.07,0.22,0.4,0.4,2,2.4,0.03,0.14,0.17,0.03,0.17
475,Elliot Panicco,us USA,GK,Nashville,25-225,1996,1,1,90,1,0,0,0,0,0,0,0,0,0,0,0,0,0,0,0,0,0,0,0,0,0
476,Cristhian Paredes,py PAR,MF,Portland Timbers,24-044,1998,16,16,1243,13.8,2,2,1,1,1,5,0,0.14,0.14,0.29,0.07,0.22,2.7,1.9,1.4,3.3,0.19,0.1,0.29,0.14,0.24
477,Tim Parker,us USA,DF,Houston Dynamo,29-128,1993,14,12,1059,11.8,0,0,0,0,0,2,0,0,0,0,0,0,0.6,0.6,0,0.6,0.05,0,0.05,0.05,0.05
478,Keaton Parks,us USA,MF,NYCFC,24-329,1997,14,11,906,10.1,2,0,2,0,0,2,0,0.2,0,0.2,0.2,0.2,1.8,1.8,1,2.7,0.18,0.1,0.27,0.18,0.27
479,Tyler Pasher,ca CAN,FW,Houston Dynamo,28-065,1994,14,5,555,6.2,2,1,2,0,0,0,0,0.32,0.16,0.49,0.32,0.49,1.5,1.5,0.3,1.9,0.25,0.05,0.3,0.25,0.3
480,Alexandre Pato,br BRA,FW,Orlando City,32-302,1989,14,9,780,8.7,2,3,2,0,0,0,0,0.23,0.35,0.58,0.23,0.58,1.9,1.9,3.4,5.3,0.22,0.39,0.61,0.22,0.61
481,João Paulo Mior,br BRA,MF,Seattle,31-115,1991,6,6,453,5,1,0,1,0,0,1,0,0.2,0,0.2,0.2,0.2,0.3,0.3,0.2,0.4,0.06,0.03,0.09,0.06,0.09
482,Jason Pendant,fr FRA,DF,NY Red Bulls,25-142,1997,5,0,79,0.9,0,0,0,0,0,0,0,0,0,0,0,0,0.1,0.1,0.1,0.1,0.09,0.08,0.17,0.09,0.17
483,Andrés Perea,us USA,MF,Orlando City,21-229,2000,13,5,499,5.5,0,0,0,0,0,1,0,0,0,0,0,0,0.3,0.3,0.3,0.6,0.05,0.06,0.1,0.05,0.1
484,Daniel Pereira,ve VEN,MF,Austin FC,21-352,2000,14,14,1079,12,1,0,1,0,0,6,2,0.08,0,0.08,0.08,0.08,0.7,0.7,0.7,1.5,0.06,0.06,0.12,0.06,0.12
485,Gabriel Pereira,br BRA,FW,NYCFC,20-334,2001,9,3,351,3.9,3,0,3,0,0,0,0,0.77,0,0.77,0.77,0.77,1.1,1.1,0.3,1.4,0.27,0.08,0.36,0.27,0.36
486,Mauricio Pereyra,uy URU,MF,Orlando City,32-108,1990,16,16,1327,14.7,0,5,0,0,0,2,0,0,0.34,0.34,0,0.34,0.8,0.8,3.2,4,0.06,0.22,0.27,0.06,0.27
487,Adrien Perez,us USA,MF,D.C. United,26-261,1995,3,1,133,1.5,0,0,0,0,0,1,0,0,0,0,0,0,0.1,0.1,0,0.2,0.09,0.02,0.11,0.09,0.11
488,Jonathan Perez,mx MEX,DF,LA Galaxy,19-164,2003,1,0,8,0.1,0,0,0,0,0,0,0,0,0,0,0,0,0,0,0,0,0,0,0,0,0
489,Jordan Perruzza,ca CAN,FWMF,Toronto FC,21-166,2001,13,1,232,2.6,0,0,0,0,0,0,0,0,0,0,0,0,0.4,0.4,0.1,0.6,0.17,0.05,0.22,0.17,0.22
490,Luca Petrasso,ca CAN,DFFW,Toronto FC,22-015,2000,16,16,1330,14.8,0,2,0,0,0,0,0,0,0.14,0.14,0,0.14,0.7,0.7,1.7,2.4,0.05,0.11,0.16,0.05,0.16
491,Đorđe Petrović,rs SRB,GK,New England,22-266,1999,4,4,360,4,0,0,0,0,0,0,0,0,0,0,0,0,0,0,0,0,0,0,0,0,0
492,Fafà Picault,us USA,FWMF,Houston Dynamo,31-128,1991,13,11,971,10.8,2,1,1,1,1,3,0,0.19,0.09,0.28,0.09,0.19,3.2,2.4,1.1,3.5,0.29,0.1,0.39,0.22,0.32
493,Kayden Pierre,us USA,DFFW,Sporting KC,19-135,2003,6,0,79,0.9,0,0,0,0,0,0,0,0,0,0,0,0,0,0,0,0,0,0,0,0,0
494,Samuel Piette,ca CAN,MF,CF Montréal,27-231,1994,10,3,382,4.2,0,0,0,0,0,2,0,0,0,0,0,0,0,0,0.2,0.3,0.01,0.06,0.07,0.01,0.07
495,Mauricio Pineda,us USA,MFDF,Chicago Fire,24-257,1997,13,11,917,10.2,0,0,0,0,0,1,0,0,0,0,0,0,0.8,0.8,0.4,1.2,0.08,0.04,0.12,0.08,0.12
496,Donovan Pines,us USA,DF,D.C. United,24-116,1998,10,7,674,7.5,0,0,0,0,0,1,0,0,0,0,0,0,0.3,0.3,0.1,0.4,0.04,0.01,0.06,0.04,0.06
497,Matt Polster,us USA,MF,New England,29-023,1993,14,12,1027,11.4,1,0,1,0,0,6,0,0.09,0,0.09,0.09,0.09,0.7,0.7,0.2,0.9,0.06,0.02,0.08,0.06,0.08
498,Paxton Pomykal,us USA,MF,FC Dallas,22-196,1999,17,17,1351,15,0,1,0,0,0,3,0,0,0.07,0.07,0,0.07,0.4,0.4,1.5,2,0.03,0.1,0.13,0.03,0.13
499,Alvas Powell,jm JAM,DF,FC Cincinnati,27-348,1994,14,11,970,10.8,0,1,0,0,0,3,0,0,0.09,0.09,0,0.09,0.6,0.6,0.2,0.9,0.06,0.02,0.08,0.06,0.08
500,Alejandro Pozuelo,es ESP,MFFW,Toronto FC,30-284,1991,15,15,1314,14.6,4,4,3,1,2,3,0,0.27,0.27,0.55,0.21,0.48,3.8,2.3,3.3,5.6,0.26,0.23,0.49,0.16,0.38
501,Jack Price,eng ENG,MF,Colorado Rapids,29-194,1992,13,12,941,10.5,0,0,0,0,0,3,0,0,0,0,0,0,0,0,2,2,0,0.2,0.2,0,0.2
502,Ralph Priso-Mbongue,ca CAN,MF,Toronto FC,19-333,2002,9,4,266,3,1,0,1,0,0,2,1,0.34,0,0.34,0.34,0.34,0.1,0.1,0.1,0.2,0.03,0.04,0.07,0.03,0.07
503,Kacper Przybyłko,pl POL,FW,Chicago Fire,29-098,1993,14,12,1074,11.9,3,1,3,0,0,2,0,0.25,0.08,0.34,0.25,0.34,4.2,4.2,1.2,5.4,0.35,0.1,0.45,0.35,0.45
504,Facundo Quignon,ar ARG,MF,FC Dallas,29-060,1993,15,9,816,9.1,1,0,1,0,0,4,0,0.11,0,0.11,0.11,0.11,1.3,1.3,0.2,1.6,0.15,0.03,0.17,0.15,0.17
505,Joshué Quiñónez,ec ECU,DF,FC Dallas,21-280,2000,5,0,47,0.5,0,0,0,0,0,0,0,0,0,0,0,0,0,0,0,0,0,0.08,0.08,0,0.08
506,Darwin Quintero,co COL,MFFW,Houston Dynamo,34-285,1987,16,11,913,10.1,7,0,6,1,1,4,0,0.69,0,0.69,0.59,0.59,4.3,3.5,3.5,7.1,0.42,0.35,0.77,0.35,0.7
507,Jairo Quinteros,bo BOL,DF,Inter Miami,21-144,2001,4,2,282,3.1,0,0,0,0,0,3,1,0,0,0,0,0,0.1,0.1,0.1,0.1,0.02,0.02,0.04,0.02,0.04
508,Romell Quioto,hn HON,FW,CF Montréal,30-326,1991,15,11,954,10.6,6,3,4,2,2,3,1,0.57,0.28,0.85,0.38,0.66,6,4.5,1.7,6.2,0.57,0.16,0.72,0.42,0.58
509,Jackson Ragen,us USA,DF,Seattle,23-280,1998,11,10,939,10.4,0,0,0,0,0,3,0,0,0,0,0,0,0,0,0.2,0.3,0,0.02,0.03,0,0.03
510,Ryan Raposo,ca CAN,DF,Vancouver,23-118,1999,16,8,675,7.5,2,0,2,0,0,0,0,0.27,0,0.27,0.27,0.27,0.9,0.9,0.4,1.3,0.12,0.05,0.18,0.12,0.18
511,Justin Rasmussen,us USA,DF,Portland Timbers,23-198,1998,9,7,646,7.2,0,0,0,0,0,1,0,0,0,0,0,0,0.2,0.2,0.2,0.4,0.03,0.03,0.06,0.03,0.06
512,Rayan Raveloson,mg MAD,MF,LA Galaxy,25-166,1997,16,15,1269,14.1,0,1,0,0,0,3,0,0,0.07,0.07,0,0.07,1.2,1.2,0.8,2,0.08,0.06,0.14,0.08,0.14
513,Matthew Real,us USA,MF,Philadelphia,22-356,1999,3,0,8,0.1,0,0,0,0,0,0,0,0,0,0,0,0,0,0,0,0,0,0,0,0,0
514,Rodney Redes,py PAR,FWMF,Austin FC,22-129,2000,4,0,71,0.8,0,0,0,0,0,1,0,0,0,0,0,0,0,0,0,0,0,0,0,0,0
515,Benjamin Redzic,us USA,FW,FC Dallas,19-278,2002,1,0,5,0.1,0,0,0,0,0,0,0,0,0,0,0,0,0,0,0,0,0.71,0,0.71,0.71,0.71
516,Pierre Reedy,us USA,MF,Real Salt Lake,24-171,1998,1,0,8,0.1,0,0,0,0,0,0,0,0,0,0,0,0,0,0,0,0,0,0,0,0,0
517,Eric Remedi,ar ARG,MFDF,San Jose,27-027,1995,14,11,866,9.6,0,0,0,0,0,5,0,0,0,0,0,0,0.1,0.1,0.4,0.5,0.02,0.04,0.05,0.02,0.05
518,Justin Rennicks,us USA,FW,New England,23-103,1999,7,4,311,3.5,1,0,1,0,0,0,0,0.29,0,0.29,0.29,0.29,0.9,0.9,0,0.9,0.27,0,0.27,0.27,0.27
519,Ben Reveno,us USA,MF,New England,23-094,1999,1,0,1,0,0,0,0,0,0,0,0,0,0,0,0,0,0,0,0,0,0,0,0,0,0
520,Yordy Reyna,pe PER,FWMF,Charlotte FC,28-287,1993,7,2,254,2.8,0,1,0,0,0,0,0,0,0.35,0.35,0,0.35,0.7,0.7,0.3,1,0.25,0.09,0.34,0.25,0.34
521,Andre Reynolds II,us USA,DFMF,Chicago Fire,21-060,2001,4,1,125,1.4,0,0,0,0,0,0,0,0,0,0,0,0,0,0,0,0,0,0.01,0.01,0,0.01
522,Emanuel Reynoso,ar ARG,MFFW,Minnesota Utd,26-227,1995,17,17,1491,16.6,5,2,3,2,2,5,0,0.3,0.12,0.42,0.18,0.3,3.3,1.8,4,5.8,0.2,0.24,0.44,0.11,0.35
523,Will Richmond,us USA,FW,San Jose,22-086,2000,2,0,45,0.5,0,0,0,0,0,0,0,0,0,0,0,0,0,0,0,0,0.03,0,0.03,0.03,0.03
524,Tosaint Ricketts,ca CAN,FW,Vancouver,34-329,1987,8,1,164,1.8,2,0,2,0,0,0,0,1.1,0,1.1,1.1,1.1,1.4,1.4,0.1,1.5,0.78,0.04,0.82,0.78,0.82
525,Alexander Ring,fi FIN,MF,Austin FC,31-083,1991,16,16,1350,15,2,2,2,0,0,4,0,0.13,0.13,0.27,0.13,0.27,3,3,2.6,5.5,0.2,0.17,0.37,0.2,0.37
526,Rocco Ríos Novo,ar ARG,GK,Atlanta Utd,20-027,2002,2,2,180,2,0,0,0,0,0,0,0,0,0,0,0,0,0,0,0,0,0,0,0,0,0
527,Damien Rivera,us USA,FWMF,New England,19-205,2002,6,3,251,2.8,1,0,1,0,0,1,0,0.36,0,0.36,0.36,0.36,0.3,0.3,0.2,0.5,0.1,0.08,0.18,0.1,0.18
528,Nigel Robertha,nl NED,FWMF,D.C. United,24-138,1998,10,4,432,4.8,0,2,0,0,0,1,0,0,0.42,0.42,0,0.42,0.5,0.5,1,1.5,0.11,0.21,0.32,0.11,0.32
529,Miles Robinson,us USA,DF,Atlanta Utd,25-109,1997,9,8,659,7.3,0,0,0,0,0,3,1,0,0,0,0,0,0.3,0.3,0,0.3,0.04,0,0.04,0.04,0.04
530,Robbie Robinson,us USA,FWMF,Inter Miami,23-196,1998,8,6,485,5.4,1,1,1,0,0,0,0,0.19,0.19,0.37,0.19,0.37,0.5,0.5,0.7,1.2,0.09,0.14,0.22,0.09,0.22
531,Harrison Robledo,us USA,MFDF,FC Cincinnati,20-143,2002,2,0,46,0.5,0,0,0,0,0,0,0,0,0,0,0,0,0,0,0.1,0.1,0,0.15,0.15,0,0.15
532,Abraham Rodriguez,us USA,GK,Colorado Rapids,19-347,2002,1,0,46,0.5,0,0,0,0,0,0,0,0,0,0,0,0,0,0,0,0,0,0,0,0,0
533,Brian Rodríguez,uy URU,FW,Los Angeles FC,22-042,2000,10,8,649,7.2,2,3,2,0,0,1,0,0.28,0.42,0.69,0.28,0.69,2.3,2.3,1.5,3.7,0.32,0.2,0.52,0.32,0.52
534,Emerson Rodríguez,co COL,MFFW,Inter Miami,21-310,2000,10,0,190,2.1,0,0,0,0,0,2,0,0,0,0,0,0,0,0,0.1,0.1,0,0.04,0.04,0,0.04
535,Memo Rodriguez,us USA,MFFW,Houston Dynamo,26-186,1995,17,11,933,10.4,0,1,0,0,0,5,0,0,0.1,0.1,0,0.1,0.9,0.9,1.3,2.3,0.09,0.13,0.22,0.09,0.22
536,Santiago Rodríguez,uy URU,MFFW,NYCFC,22-174,2000,15,14,1137,12.6,2,5,2,0,0,5,0,0.16,0.4,0.55,0.16,0.55,2.7,2.7,2.6,5.2,0.21,0.2,0.41,0.21,0.41
537,Alex Roldan,sv SLV,DF,Seattle,25-338,1996,15,13,1194,13.3,1,3,1,0,0,4,1,0.08,0.23,0.3,0.08,0.3,0.1,0.1,2.2,2.4,0.01,0.17,0.18,0.01,0.18
538,Cristian Roldan,us USA,FWMF,Seattle,27-028,1995,15,12,1195,13.3,3,4,3,0,0,0,0,0.23,0.3,0.53,0.23,0.53,2.7,2.7,2.7,5.4,0.2,0.21,0.41,0.2,0.41
539,David Romney,us USA,DF,Nashville,29-019,1993,16,16,1386,15.4,2,0,2,0,0,1,0,0.13,0,0.13,0.13,0.13,1.5,1.5,0.2,1.7,0.1,0.02,0.11,0.1,0.11
540,Rafael Romo,ve VEN,GK,D.C. United,32-126,1990,4,3,312,3.5,0,0,0,0,0,1,0,0,0,0,0,0,0,0,0,0,0,0,0,0,0
541,Eloy Room,cw CUW,GK,Columbus Crew,33-145,1989,16,16,1440,16,0,0,0,0,0,0,0,0,0,0,0,0,0,0,0,0,0,0,0,0,0
542,Joseph Rosales,hn HON,MF,Minnesota Utd,21-237,2000,12,4,498,5.5,0,0,0,0,0,4,1,0,0,0,0,0,0.1,0.1,0,0.1,0.03,0,0.03,0.03,0.03
543,Oriol Rosell,es ESP,MF,Sporting KC,29-359,1992,10,10,630,7,0,1,0,0,0,4,1,0,0.14,0.14,0,0.14,0.2,0.2,0.3,0.5,0.02,0.05,0.07,0.02,0.07
544,Keegan Rosenberry,us USA,DF,Colorado Rapids,28-202,1993,16,16,1440,16,0,0,0,0,0,3,0,0,0,0,0,0,0.5,0.5,1.5,2,0.03,0.1,0.13,0.03,0.13
545,Matheus Rossetto,br BRA,MF,Atlanta Utd,26-028,1996,12,10,819,9.1,0,0,0,0,0,0,0,0,0,0,0,0,0.5,0.5,0.3,0.7,0.05,0.03,0.08,0.05,0.08
546,Paul Rothrock,us USA,FW,Toronto FC,23-173,1999,2,0,34,0.4,0,0,0,0,0,0,0,0,0,0,0,0,0,0,0,0,0,0,0,0,0
547,Kelyn Rowe,us USA,DFMF,Seattle,30-211,1991,15,8,778,8.6,0,0,0,0,0,4,0,0,0,0,0,0,0.2,0.2,0.1,0.2,0.02,0.01,0.03,0.02,0.03
548,Ruan,br BRA,DF,Orlando City,27-033,1995,15,15,1272,14.1,2,1,2,0,0,2,0,0.14,0.07,0.21,0.14,0.21,0.6,0.6,2,2.6,0.04,0.14,0.18,0.04,0.18
549,Rubio Rubin,us USA,FW,Real Salt Lake,26-122,1996,10,2,338,3.8,0,0,0,0,0,0,0,0,0,0,0,0,0.9,0.9,0.1,0.9,0.23,0.02,0.25,0.23,0.25
550,Diego Rubio,cl CHI,FWMF,Colorado Rapids,29-047,1993,14,13,1124,12.5,7,1,6,1,1,6,1,0.56,0.08,0.64,0.48,0.56,6.5,5.7,2,7.8,0.52,0.16,0.68,0.46,0.62
551,Raúl Ruidíaz,pe PER,FW,Seattle,31-341,1990,8,6,565,6.3,5,0,4,1,1,0,0,0.8,0,0.8,0.64,0.64,3.5,2.8,0.7,3.5,0.56,0.11,0.68,0.44,0.56
552,Pablo Ruíz,ar ARG,MF,Real Salt Lake,23-193,1998,15,15,1301,14.5,1,3,0,1,1,5,0,0.07,0.21,0.28,0,0.21,2.8,2.1,3.2,5.3,0.2,0.22,0.42,0.14,0.37
553,Sergio Ruiz,es ESP,MF,Charlotte FC,27-197,1994,13,4,421,4.7,0,2,0,0,0,0,0,0,0.43,0.43,0,0.43,0.3,0.3,1.5,1.8,0.07,0.31,0.39,0.07,0.39
554,Albert Rusnák,sk SVK,MF,Seattle,27-359,1994,15,13,1135,12.6,1,0,1,0,0,1,0,0.08,0,0.08,0.08,0.08,1.3,1.3,0.5,1.8,0.1,0.04,0.14,0.1,0.14
555,Johnny Russell,sct SCO,FWMF,Sporting KC,32-084,1990,17,17,1489,16.5,5,0,4,1,1,4,0,0.3,0,0.3,0.24,0.24,3.9,3.1,1.4,4.6,0.24,0.09,0.32,0.19,0.28
556,Jacen Russell-Rowe,ca CAN,FW,Columbus Crew,19-291,2002,3,1,101,1.1,0,2,0,0,0,1,0,0,1.78,1.78,0,1.78,0.1,0.1,0.5,0.6,0.07,0.44,0.51,0.07,0.51
557,Zach Ryan,us USA,FW,NY Red Bulls,23-168,1999,6,0,43,0.5,0,0,0,0,0,1,0,0,0,0,0,0,0.6,0.6,0.1,0.6,1.22,0.14,1.36,1.22,1.36
558,Ryan Sailor,us USA,DF,Inter Miami,23-216,1998,6,5,512,5.7,0,0,0,0,0,0,0,0,0,0,0,0,0.2,0.2,0,0.2,0.03,0,0.03,0.03,0.03
559,Carlos Salcedo,mx MEX,DF,Toronto FC,28-275,1993,12,12,1063,11.8,0,0,0,0,0,4,1,0,0,0,0,0,0,0,0.2,0.2,0,0.01,0.02,0,0.02
560,Shea Salinas,us USA,FWDF,San Jose,36-007,1986,4,0,38,0.4,0,0,0,0,0,0,0,0,0,0,0,0,0,0,0,0,0,0,0,0,0
561,Dániel Sallói,hu HUN,FWMF,Sporting KC,25-347,1996,13,13,1160,12.9,4,0,4,0,0,0,1,0.31,0,0.31,0.31,0.31,3.2,3.2,1.2,4.3,0.25,0.09,0.34,0.25,0.34
562,Gaoussou Samaké,ci CIV,DF,D.C. United,24-239,1997,2,0,50,0.6,0,0,0,0,0,1,0,0,0,0,0,0,0,0,0,0,0,0,0,0,0
563,Ilie Sánchez,es ESP,MF,Los Angeles FC,31-222,1990,17,16,1474,16.4,1,0,1,0,0,4,0,0.06,0,0.06,0.06,0.06,0.4,0.4,1.2,1.6,0.02,0.08,0.1,0.02,0.1
564,William Sands,us USA,DF,Columbus Crew,21-360,2000,4,0,134,1.5,0,0,0,0,0,1,0,0,0,0,0,0,0,0,0.1,0.1,0.02,0.04,0.06,0.02,0.06
565,Sergio Santos Gomes,br BRA,FW,Philadelphia,27-300,1994,11,8,608,6.8,1,3,1,0,0,2,0,0.15,0.44,0.59,0.15,0.59,2.1,2.1,3.4,5.4,0.31,0.5,0.81,0.31,0.81
566,Koa Santos,us USA,MF,Charlotte FC,22-283,1999,1,1,56,0.6,0,0,0,0,0,0,0,0,0,0,0,0,0,0,0,0,0,0,0,0,0
567,Pedro Santos,pt POR,DF,Columbus Crew,34-070,1988,15,15,1222,13.6,1,1,1,0,0,3,0,0.07,0.07,0.15,0.07,0.15,0.6,0.6,1.4,2,0.04,0.1,0.15,0.04,0.15
568,C.J. Sapong,us USA,FW,Nashville,33-186,1988,17,16,1328,14.8,5,3,5,0,0,3,0,0.34,0.2,0.54,0.34,0.54,5.2,5.2,2.6,7.8,0.35,0.18,0.53,0.35,0.53
569,Jefferson Savarino,ve VEN,MF,Real Salt Lake,25-232,1996,4,2,223,2.5,1,0,1,0,0,0,0,0.4,0,0.4,0.4,0.4,0.4,0.4,0.7,1,0.14,0.27,0.42,0.14,0.42
570,Rodrigo Schlegel,ar ARG,DF,Orlando City,25-089,1997,14,10,976,10.8,1,0,1,0,0,6,1,0.09,0,0.09,0.09,0.09,0.7,0.7,0,0.7,0.06,0,0.06,0.06,0.06
571,Tate Schmitt,us USA,DF,Real Salt Lake,25-034,1997,13,9,798,8.9,2,1,2,0,0,4,0,0.23,0.11,0.34,0.23,0.34,0.5,0.5,0.4,0.9,0.06,0.04,0.1,0.06,0.1
572,Eddie Segura,co COL,DF,Los Angeles FC,25-149,1997,1,0,4,0,0,0,0,0,0,0,0,0,0,0,0,0,0,0,0,0,0,0,0,0,0
573,Amar Sejdic,us USA,MF,Atlanta Utd,25-214,1996,9,6,436,4.8,0,0,0,0,0,1,0,0,0,0,0,0,0.1,0.1,0.1,0.3,0.02,0.03,0.05,0.02,0.05
574,Boris Sekulić,sk SVK,DF,Chicago Fire,30-253,1991,17,16,1448,16.1,0,1,0,0,0,3,0,0,0.06,0.06,0,0.06,0.5,0.5,2,2.5,0.03,0.12,0.15,0.03,0.15
575,Brandon Servania,us USA,MF,FC Dallas,23-111,1999,15,12,977,10.9,2,3,2,0,0,5,1,0.18,0.28,0.46,0.18,0.46,1.3,1.3,1.7,3,0.12,0.15,0.27,0.12,0.27
576,Jacob Shaffelburg,ca CAN,DF,Toronto FC,22-217,1999,10,6,548,6.1,0,1,0,0,0,1,0,0,0.16,0.16,0,0.16,0.7,0.7,0.1,0.7,0.11,0.01,0.12,0.11,0.12
577,Xherdan Shaqiri,ch SUI,MFFW,Chicago Fire,30-264,1991,13,13,1089,12.1,3,3,1,2,2,2,0,0.25,0.25,0.5,0.08,0.33,2.9,1.4,4,5.4,0.24,0.33,0.57,0.12,0.45
578,Brek Shea,us USA,DF,Inter Miami,32-123,1990,3,2,147,1.6,0,0,0,0,0,0,1,0,0,0,0,0,0,0,0.1,0.1,0,0.07,0.07,0,0.07
579,Khiry Shelton,us USA,FW,Sporting KC,29-005,1993,13,11,1008,11.2,0,0,0,0,0,0,0,0,0,0,0,0,1.6,1.6,0.5,2.1,0.15,0.05,0.19,0.15,0.19
580,Andre Shinyashiki,br BRA,FWMF,Colorado Rapids,27-020,1995,8,2,216,2.4,1,0,1,0,0,1,0,0.42,0,0.42,0.42,0.42,0.9,0.9,0.5,1.4,0.37,0.19,0.56,0.37,0.56
581,Andre Shinyashiki,br BRA,MFFW,Charlotte FC,27-020,1995,6,5,411,4.6,3,0,3,0,0,1,0,0.66,0,0.66,0.66,0.66,2,2,0.2,2.2,0.44,0.04,0.49,0.44,0.49
582,Bobby Shuttleworth,us USA,GK,Atlanta Utd,35-049,1987,7,6,558,6.2,0,0,0,0,0,0,0,0,0,0,0,0,0,0,0,0,0,0,0,0,0
583,Marcelo Silva,uy URU,DF,Real Salt Lake,33-102,1989,16,16,1424,15.8,2,0,2,0,0,4,0,0.13,0,0.13,0.13,0.13,1.2,1.2,0,1.3,0.08,0,0.08,0.08,0.08
584,Jack Skahan,us USA,MFDF,San Jose,24-144,1998,2,0,2,0,0,0,0,0,0,0,0,0,0,0,0,0,0,0,0,0,0,0,0,0,0
585,Drew Skundrich,us USA,MF,D.C. United,26-287,1995,13,4,442,4.9,0,0,0,0,0,1,0,0,0,0,0,0,0.1,0.1,0,0.1,0.02,0.01,0.03,0.02,0.03
586,Gabriel Slonina,us USA,GK,Chicago Fire,18-047,2004,17,17,1530,17,0,0,0,0,0,0,0,0,0,0,0,0,0,0,0,0,0,0,0,0,0
587,Brad Smith,au AUS,DF,D.C. United,28-083,1994,14,14,1090,12.1,0,1,0,0,0,2,0,0,0.08,0.08,0,0.08,0.6,0.6,1.7,2.3,0.05,0.14,0.19,0.05,0.19
588,Kimarni Smith,eng ENG,DF,D.C. United,24-109,1998,4,0,38,0.4,0,0,0,0,0,0,0,0,0,0,0,0,0,0,0,0,0.05,0.04,0.08,0.05,0.08
589,Kyle Smith,us USA,DF,Orlando City,30-173,1992,13,5,562,6.2,1,0,1,0,0,3,0,0.16,0,0.16,0.16,0.16,0.3,0.3,0.1,0.4,0.04,0.02,0.06,0.04,0.06
590,Jan Sobociński,pl POL,DF,Charlotte FC,23-103,1999,2,0,6,0.1,0,0,0,0,0,0,0,0,0,0,0,0,0,0,0,0,0,0,0,0,0
591,Santiago Sosa,ar ARG,MF,Atlanta Utd,23-059,1999,6,3,325,3.6,0,0,0,0,0,1,0,0,0,0,0,0,0.1,0.1,0.2,0.3,0.02,0.07,0.09,0.02,0.09
592,Ryan Spaulding,us USA,DF,New England,23-294,1998,4,2,189,2.1,0,0,0,0,0,0,0,0,0,0,0,0,0,0,0,0,0.01,0,0.01,0.01,0.01
593,Dayne St. Clair,ca CAN,GK,Minnesota Utd,25-053,1997,15,15,1350,15,0,0,0,0,0,1,0,0,0,0,0,0,0,0,0,0,0,0,0,0,0
594,Mason Stajduhar,us USA,GK,Orlando City,24-211,1997,1,1,90,1,0,0,0,0,0,0,0,0,0,0,0,0,0,0,0,0,0,0,0,0,0
595,Daniel Steres,us USA,DF,Houston Dynamo,31-232,1990,8,6,585,6.5,0,0,0,0,0,2,0,0,0,0,0,0,0.5,0.5,0.1,0.6,0.08,0.02,0.09,0.08,0.09
596,Jared Stroud,us USA,MF,Austin FC,25-356,1996,1,0,23,0.3,0,0,0,0,0,0,0,0,0,0,0,0,0,0,0,0,0,0,0,0,0
597,Brad Stuver,us USA,GK,Austin FC,31-076,1991,14,14,1178,13.1,0,0,0,0,0,1,0,0,0,0,0,0,0,0,0,0,0,0,0,0,0
598,Quinn Sullivan,us USA,MFFW,Philadelphia,18-096,2004,7,1,159,1.8,0,0,0,0,0,1,0,0,0,0,0,0,0,0,0.1,0.1,0,0.05,0.05,0,0.05
599,Ben Sweat,us USA,DF,Sporting KC,30-300,1991,9,7,579,6.4,0,1,0,0,0,1,0,0,0.16,0.16,0,0.16,0.3,0.3,0.4,0.7,0.04,0.06,0.1,0.04,0.1
600,Karol Świderski,pl POL,FW,Charlotte FC,25-159,1997,13,13,1093,12.1,4,1,4,0,0,0,0,0.33,0.08,0.41,0.33,0.41,3.2,3.2,0.6,3.8,0.26,0.05,0.31,0.26,0.31
601,Ismael Tajouri-Shradi,ly LBY,FWMF,Los Angeles FC,28-095,1994,5,0,160,1.8,2,0,2,0,0,0,0,1.13,0,1.13,1.13,1.13,0.6,0.6,0.4,1,0.33,0.23,0.56,0.33,0.56
602,Andrew Tarbell,us USA,GK,Austin FC,28-267,1993,3,2,262,2.9,0,0,0,0,0,0,0,0,0,0,0,0,0,0,0,0,0,0,0,0,0
603,D.J. Taylor,us USA,DF,Minnesota Utd,24-309,1997,11,8,770,8.6,1,1,1,0,0,2,0,0.12,0.12,0.23,0.12,0.23,0.1,0.1,0.5,0.6,0.01,0.06,0.07,0.01,0.07
604,Robert Taylor,fi FIN,MFFW,Inter Miami,27-253,1994,15,11,1005,11.2,2,0,2,0,0,0,0,0.18,0,0.18,0.18,0.18,2.4,2.4,0.8,3.1,0.21,0.07,0.28,0.21,0.28
605,Russell Teibert,ca CAN,MF,Vancouver,29-191,1992,14,12,1029,11.4,0,0,0,0,0,3,0,0,0,0,0,0,0.6,0.6,0.4,1,0.05,0.03,0.08,0.05,0.08
606,Carlos Terán,co COL,DF,Chicago Fire,21-280,2000,8,5,452,5,1,0,1,0,0,3,0,0.2,0,0.2,0.2,0.2,0.6,0.6,0,0.6,0.11,0,0.11,0.11,0.11
607,Dylan Teves,us USA,FW,Seattle,22-048,2000,1,0,19,0.2,0,0,0,0,0,0,0,0,0,0,0,0,0,0,0,0,0,0,0,0,0
608,Thiago,br BRA,FW,NYCFC,21-243,2000,15,7,667,7.4,4,1,4,0,0,1,0,0.54,0.13,0.67,0.54,0.67,3.9,3.9,0.9,4.8,0.53,0.13,0.65,0.53,0.65
609,Kosi Thompson,ca CAN,DFMF,Toronto FC,19-155,2003,15,12,1022,11.4,1,1,1,0,0,1,0,0.09,0.09,0.18,0.09,0.18,0.5,0.5,1.1,1.6,0.04,0.1,0.14,0.04,0.14
610,Tommy Thompson,us USA,DF,San Jose,26-320,1995,11,2,337,3.7,1,0,1,0,0,0,0,0.27,0,0.27,0.27,0.27,1.2,1.2,0,1.2,0.31,0.01,0.32,0.31,0.32
611,Anton Tinnerholm,se SWE,DF,NYCFC,31-125,1991,1,0,45,0.5,0,0,0,0,0,0,0,0,0,0,0,0,0,0,0,0,0.09,0,0.09,0.09,0.09
612,John Tolkin,us USA,DF,NY Red Bulls,19-335,2002,15,15,1319,14.7,0,1,0,0,0,3,0,0,0.07,0.07,0,0.07,1.1,1.1,0.7,1.8,0.07,0.05,0.12,0.07,0.12
613,Nouhou Tolo,cm CMR,DF,Seattle,25-008,1997,14,12,1113,12.4,0,1,0,0,0,3,0,0,0.08,0.08,0,0.08,0.1,0.1,0.4,0.5,0.01,0.03,0.04,0.01,0.04
614,Facundo Torres,uy URU,FW,Orlando City,22-079,2000,16,15,1267,14.1,2,3,2,0,0,0,0,0.14,0.21,0.36,0.14,0.36,2.1,2.1,2.1,4.2,0.15,0.15,0.3,0.15,0.3
615,Jairo Torres,mx MEX,FWMF,Chicago Fire,21-361,2000,4,1,165,1.8,0,0,0,0,0,0,0,0,0,0,0,0,0.2,0.2,0,0.3,0.14,0.02,0.16,0.14,0.16
616,Joaquín Torres,ar ARG,MFFW,CF Montréal,25-154,1997,14,10,830,9.2,3,1,3,0,0,3,0,0.33,0.11,0.43,0.33,0.43,1.8,1.8,1.5,3.3,0.19,0.16,0.35,0.19,0.35
617,Dantouma Toure,gn GUI,FW,Colorado Rapids,18-019,2004,1,0,2,0,0,0,0,0,0,1,0,0,0,0,0,0,0,0,0,0,0,0,0,0,0
618,Mason Toye,us USA,FWMF,CF Montréal,23-258,1998,2,1,75,0.8,2,0,2,0,0,0,0,2.4,0,2.4,2.4,2.4,1.2,1.2,0,1.2,1.41,0,1.41,1.41,1.41
619,Wil Trapp,us USA,MF,Minnesota Utd,29-167,1993,14,14,1173,13,0,0,0,0,0,9,0,0,0,0,0,0,0.1,0.1,0.1,0.2,0,0.01,0.01,0,0.01
620,Daniel Trejo,us USA,FW,Los Angeles FC,24-063,1998,1,0,18,0.2,0,0,0,0,0,0,0,0,0,0,0,0,0,0,0,0,0,0,0,0,0
621,Auston Trusty,us USA,DF,Colorado Rapids,23-323,1998,15,15,1349,15,0,0,0,0,0,5,1,0,0,0,0,0,1,1,0.4,1.4,0.07,0.03,0.09,0.07,0.09
622,Niko Tsakiris,us USA,MF,San Jose,17-012,2005,2,0,43,0.5,0,0,0,0,0,0,0,0,0,0,0,0,0.1,0.1,0,0.1,0.11,0,0.11,0.11,0.11
623,Bill Tuiloma,nz NZL,DF,Portland Timbers,27-096,1995,16,14,1275,14.2,5,1,5,0,0,5,1,0.35,0.07,0.42,0.35,0.42,3,3,0.4,3.4,0.21,0.03,0.24,0.21,0.24
624,Matt Turner,us USA,GK,New England,28-007,1994,5,5,450,5,0,0,0,0,0,0,0,0,0,0,0,0,0,0,0,0,0,0,0,0,0
625,Ema Twumasi,gh GHA,DF,FC Dallas,25-044,1997,16,11,964,10.7,0,1,0,0,0,3,0,0,0.09,0.09,0,0.09,0.1,0.1,0.3,0.4,0.01,0.03,0.04,0.01,0.04
626,Marinos Tzionis,cy CYP,FWMF,Sporting KC,20-350,2001,15,2,473,5.3,1,0,1,0,0,0,0,0.19,0,0.19,0.19,0.19,0.7,0.7,0.5,1.2,0.13,0.1,0.23,0.13,0.23
627,Mikael Uhre,dk DEN,FW,Philadelphia,27-274,1994,10,7,568,6.3,3,1,3,0,0,0,0,0.48,0.16,0.63,0.48,0.63,3.2,3.2,1.3,4.5,0.51,0.21,0.72,0.51,0.72
628,Þorleifur Úlfarsson,is ISL,FWMF,Houston Dynamo,21-186,2000,17,5,565,6.3,2,1,2,0,0,3,0,0.32,0.16,0.48,0.32,0.48,3.5,3.5,0.6,4.1,0.56,0.09,0.65,0.56,0.65
629,Victor Ulloa,us USA,MFDF,Inter Miami,30-119,1992,7,2,197,2.2,0,1,0,0,0,0,0,0,0.46,0.46,0,0.46,0.6,0.6,0.7,1.3,0.28,0.31,0.59,0.28,0.59
630,Maximiliano Urruti,ar ARG,FW,Austin FC,31-129,1991,16,15,1164,12.9,5,0,5,0,0,3,0,0.39,0,0.39,0.39,0.39,3.1,3.1,0.7,3.8,0.24,0.05,0.3,0.24,0.3
631,Júnior Urso,br BRA,MFFW,Orlando City,33-113,1989,17,14,1251,13.9,2,2,2,0,0,2,0,0.14,0.14,0.29,0.14,0.29,3.4,3.4,0.9,4.4,0.24,0.07,0.31,0.24,0.31
632,Jhojan Valencia,co COL,MF,Austin FC,25-339,1996,9,2,272,3,0,1,0,0,0,4,0,0,0.33,0.33,0,0.33,0,0,0,0,0,0.01,0.01,0,0.01
633,Zarek Valentin,pr PUR,DF,Houston Dynamo,30-329,1991,2,1,130,1.4,0,0,0,0,0,0,0,0,0,0,0,0,0,0,0,0,0,0.02,0.02,0,0.02
634,Gustavo Vallecilla,ec ECU,DF,Colorado Rapids,23-034,1999,5,1,123,1.4,0,0,0,0,0,0,0,0,0,0,0,0,0,0,0,0.1,0.03,0.02,0.05,0.03,0.05
635,José Van Rankin,mx MEX,DF,Portland Timbers,29-048,1993,15,15,1238,13.8,0,0,0,0,0,8,2,0,0,0,0,0,0.3,0.3,0.8,1.1,0.02,0.06,0.08,0.02,0.08
636,Kerwin Vargas,co COL,MF,Charlotte FC,20-180,2002,2,0,51,0.6,0,0,0,0,0,0,0,0,0,0,0,0,0.2,0.2,0.2,0.4,0.43,0.29,0.72,0.43,0.72
637,Obed Vargas,us USA,MF,Seattle,16-330,2005,13,10,851,9.5,0,0,0,0,0,5,0,0,0,0,0,0,0.2,0.2,0.4,0.6,0.02,0.04,0.06,0.02,0.06
638,Indiana Vassilev,us USA,FWMF,Inter Miami,21-135,2001,7,4,339,3.8,2,0,2,0,0,1,0,0.53,0,0.53,0.53,0.53,1.3,1.3,0.4,1.7,0.35,0.09,0.45,0.35,0.45
639,Brandon Vazquez,us USA,FW,FC Cincinnati,23-260,1998,16,15,1332,14.8,8,4,8,0,0,1,0,0.54,0.27,0.81,0.54,0.81,6.8,6.8,2.1,9,0.46,0.14,0.6,0.46,0.6
640,Víctor Vázquez,es ESP,MFFW,LA Galaxy,35-162,1987,11,8,532,5.9,0,0,0,0,0,1,0,0,0,0,0,0,1.2,1.2,1.1,2.2,0.2,0.18,0.38,0.2,0.38
641,Carlos Vela,mx MEX,FWMF,Los Angeles FC,33-122,1989,16,14,1245,13.8,6,5,4,2,2,1,0,0.43,0.36,0.8,0.29,0.65,5.4,3.8,4,7.8,0.39,0.29,0.68,0.28,0.57
642,Alan Velasco,ar ARG,FW,FC Dallas,19-339,2002,12,10,865,9.6,2,2,2,0,0,4,0,0.21,0.21,0.42,0.21,0.42,1.2,1.2,1.5,2.7,0.12,0.16,0.28,0.12,0.28
643,Matías Vera,ar ARG,MF,Houston Dynamo,26-248,1995,14,14,1135,12.6,0,0,0,0,0,4,0,0,0,0,0,0,0.5,0.5,0.2,0.7,0.04,0.02,0.06,0.04,0.06
644,Ranko Veselinović,rs SRB,DF,Vancouver,23-099,1999,16,16,1430,15.9,1,0,1,0,0,3,0,0.06,0,0.06,0.06,0.06,0.7,0.7,0.5,1.2,0.05,0.03,0.07,0.05,0.07
645,Pedro Vite,ec ECU,MF,Vancouver,20-114,2002,10,3,311,3.5,0,0,0,0,0,1,0,0,0,0,0,0,0,0,0.5,0.5,0,0.15,0.15,0,0.15
646,Robert Voloder,ba BIH,DF,Sporting KC,21-053,2001,7,5,483,5.4,0,0,0,0,0,2,1,0,0,0,0,0,0,0,0,0,0,0,0,0,0
647,Nikola Vujnović,me MNE,FW,Sporting KC,25-171,1997,9,4,334,3.7,0,0,0,0,0,0,0,0,0,0,0,0,0.7,0.7,0.3,1,0.2,0.07,0.27,0.2,0.27
648,Kai Wagner,de GER,DF,Philadelphia,25-136,1997,17,17,1530,17,0,2,0,0,0,4,0,0,0.12,0.12,0,0.12,0.6,0.6,3.7,4.3,0.04,0.22,0.25,0.04,0.25
649,Anton Walkes,eng ENG,DF,Charlotte FC,25-143,1997,6,4,321,3.6,0,0,0,0,0,0,0,0,0,0,0,0,0.3,0.3,0,0.3,0.08,0,0.08,0.08,0.08
650,Rémi Walter,fr FRA,MF,Sporting KC,27-066,1995,18,18,1551,17.2,2,1,2,0,0,2,0,0.12,0.06,0.17,0.12,0.17,0.5,0.5,1,1.5,0.03,0.06,0.09,0.03,0.09
651,Victor Wanyama,ke KEN,MF,CF Montréal,31-006,1991,16,16,1384,15.4,0,1,0,0,0,6,0,0,0.07,0.07,0,0.07,0.5,0.5,1.1,1.7,0.04,0.07,0.11,0.04,0.11
652,Collen Warner,us USA,MF,Colorado Rapids,34-007,1988,6,2,237,2.6,0,0,0,0,0,0,0,0,0,0,0,0,0,0,0.1,0.1,0,0.03,0.03,0,0.03
653,Taylor Washington,us USA,DFMF,Nashville,28-319,1993,8,4,401,4.5,0,1,0,0,0,1,0,0,0.22,0.22,0,0.22,0,0,0.6,0.7,0,0.14,0.15,0,0.15
654,Joel Waterman,ca CAN,DF,CF Montréal,26-158,1996,15,15,1336,14.8,2,0,2,0,0,7,0,0.13,0,0.13,0.13,0.13,1.9,1.9,0,1.9,0.13,0,0.13,0.13,0.13
655,Quentin Westberg,us USA,GK,Toronto FC,36-067,1986,3,3,270,3,0,0,0,0,0,1,0,0,0,0,0,0,0,0,0,0,0,0,0,0,0
656,Brian White,us USA,FW,Vancouver,26-148,1996,12,8,713,7.9,2,0,2,0,0,1,0,0.25,0,0.25,0.25,0.25,1.8,1.8,0.6,2.4,0.23,0.07,0.3,0.23,0.3
657,Caleb Wiley,us USA,DFFW,Atlanta Utd,17-191,2004,8,4,375,4.2,1,0,1,0,0,0,0,0.24,0,0.24,0.24,0.24,1.2,1.2,1.2,2.4,0.3,0.28,0.58,0.3,0.58
658,Derrick Williams,ie IRL,DF,LA Galaxy,29-165,1993,13,11,997,11.1,0,1,0,0,0,4,0,0,0.09,0.09,0,0.09,0.6,0.6,0.6,1.2,0.06,0.06,0.11,0.06,0.11
659,Josh Williams,us USA,DF,Columbus Crew,34-074,1988,10,6,591,6.6,0,1,0,0,0,0,0,0,0.15,0.15,0,0.15,0.2,0.2,0.3,0.5,0.04,0.05,0.08,0.04,0.08
660,Thomas Williams,us USA,DF,Orlando City,17-320,2004,4,2,181,2,0,0,0,0,0,1,0,0,0,0,0,0,0,0,0,0,0,0,0,0,0
661,Eryk Williamson,us USA,MFFW,Portland Timbers,25-020,1997,11,6,505,5.6,0,3,0,0,0,4,0,0,0.53,0.53,0,0.53,0.1,0.1,1.7,1.8,0.01,0.3,0.32,0.01,0.32
662,Joe Willis,us USA,GK,Nashville,33-325,1988,16,16,1440,16,0,1,0,0,0,0,0,0,0.06,0.06,0,0.06,0,0,0.1,0.1,0,0,0,0,0
663,Danny Wilson,sct SCO,DF,Colorado Rapids,30-186,1991,11,11,945,10.5,0,1,0,0,0,3,0,0,0.1,0.1,0,0.1,0.8,0.8,0.2,0.9,0.07,0.02,0.09,0.07,0.09
664,Owen Wolff,us USA,FWMF,Austin FC,17-183,2004,9,5,409,4.5,0,1,0,0,0,1,0,0,0.22,0.22,0,0.22,0.3,0.3,1.3,1.5,0.06,0.28,0.34,0.06,0.34
665,Tyler Wolff,us USA,FWMF,Atlanta Utd,19-138,2003,5,4,253,2.8,0,0,0,0,0,0,0,0,0,0,0,0,0.3,0.3,0.2,0.4,0.1,0.05,0.15,0.1,0.15
666,Bobby Wood,us USA,FW,Real Salt Lake,29-228,1992,14,13,983,10.9,3,1,3,0,0,0,0,0.27,0.09,0.37,0.27,0.37,4.1,4.1,0.3,4.5,0.38,0.03,0.41,0.38,0.41
667,Darren Yapi,us USA,FW,Colorado Rapids,17-224,2004,1,0,3,0,0,0,0,0,0,0,0,0,0,0,0,0,0,0,0,0,0,0,0,0,0
668,William Yarbrough,us USA,GK,Colorado Rapids,33-103,1989,16,16,1394,15.5,0,0,0,0,0,3,0,0,0,0,0,0,0,0,0,0,0,0,0,0,0
669,Dru Yearwood,eng ENG,MF,NY Red Bulls,22-134,2000,16,10,969,10.8,0,0,0,0,0,4,0,0,0,0,0,0,0.5,0.5,0.5,1,0.05,0.05,0.1,0.05,0.1
670,Steffen Yeattes,ca CAN,MF,Toronto FC,22-178,2000,2,0,33,0.4,0,0,0,0,0,0,0,0,0,0,0,0,0,0,0,0,0,0,0,0,0
671,Yaw Yeboah,gh GHA,FW,Columbus Crew,25-095,1997,13,10,727,8.1,0,1,0,0,0,1,0,0,0.12,0.12,0,0.12,1.5,1.5,2.6,4.1,0.19,0.32,0.51,0.19,0.51
672,DeAndre Yedlin,us USA,DF,Inter Miami,28-357,1993,16,15,1378,15.3,0,2,0,0,0,4,0,0,0.13,0.13,0,0.13,0.1,0.1,1,1.1,0.01,0.07,0.07,0.01,0.07
673,Griffin Yow,us USA,MFFW,D.C. United,19-279,2002,7,3,271,3,0,0,0,0,0,1,0,0,0,0,0,0,0.4,0.4,0.3,0.7,0.12,0.11,0.23,0.12,0.23
674,Jackson Yueill,us USA,MFDF,San Jose,25-104,1997,14,14,1237,13.7,3,0,3,0,0,1,0,0.22,0,0.22,0.22,0.22,1.2,1.2,0.6,1.8,0.09,0.04,0.13,0.09,0.13
675,Gyasi Zardes,us USA,FW,Colorado Rapids,30-302,1991,8,7,577,6.4,1,1,0,1,1,0,0,0.16,0.16,0.31,0,0.16,2.4,1.6,0.6,2.2,0.37,0.09,0.46,0.25,0.35
676,Gyasi Zardes,us USA,FW,Columbus Crew,30-302,1991,7,1,206,2.3,1,0,1,0,0,0,0,0.44,0,0.44,0.44,0.44,2.2,2.2,0.2,2.4,0.95,0.08,1.03,0.95,1.03
677,Eriq Zavaleta,sv SLV,DF,LA Galaxy,29-333,1992,1,1,60,0.7,0,0,0,0,0,0,0,0,0,0,0,0,0,0,0,0.1,0.02,0.06,0.08,0.02,0.08
678,Sean Zawadzki,us USA,MF,Columbus Crew,22-071,2000,2,2,156,1.7,1,0,1,0,0,0,0,0.58,0,0.58,0.58,0.58,0.1,0.1,0,0.1,0.03,0,0.03,0.03,0.03
679,Zeca,br BRA,DF,Houston Dynamo,28-046,1994,12,8,771,8.6,0,1,0,0,0,2,0,0,0.12,0.12,0,0.12,0.1,0.1,0.4,0.6,0.01,0.05,0.06,0.01,0.06
680,Gedion Zelalem,us USA,MF,NYCFC,25-156,1997,7,0,85,0.9,0,0,0,0,0,1,0,0,0,0,0,0,0,0,0,0,0,0.04,0.04,0,0.04
681,Lucas Zelarayán,am ARM,MFFW,Columbus Crew,30-011,1992,12,10,925,10.3,4,1,4,0,0,1,0,0.39,0.1,0.49,0.39,0.49,2,2,3.5,5.5,0.2,0.34,0.54,0.2,0.54
682,Walker Zimmerman,us USA,DF,Nashville,29-043,1993,15,13,1217,13.5,1,1,1,0,0,3,0,0.07,0.07,0.15,0.07,0.15,1.3,1.3,0.5,1.8,0.1,0.03,0.13,0.1,0.13
683,Rida Zouhir,ca CAN,MF,CF Montréal,18-220,2003,4,1,114,1.3,0,0,0,0,0,1,0,0,0,0,0,0,0.1,0.1,0.5,0.6,0.09,0.4,0.48,0.09,0.48
684,Ethan Zubak,us USA,FW,Nashville,24-077,1998,6,1,109,1.2,0,0,0,0,0,2,0,0,0,0,0,0,0.3,0.3,0.2,0.5,0.27,0.13,0.4,0.27,0.4
685,Dario Župarić,ba BIH,DF,Portland Timbers,30-059,1992,15,10,936,10.4,0,0,0,0,0,3,0,0,0,0,0,0,0.2,0.2,0,0.2,0.01,0,0.02,0.01,0.02
686,Graham Zusi,us USA,DF,Sporting KC,35-317,1986,13,13,1084,12,1,0,1,0,0,1,0,0.08,0,0.08,0.08,0.08,0.3,0.3,0.7,1,0.02,0.06,0.08,0.02,0.08
687,Róbert Þorkelsson,is ISL,DFMF,CF Montréal,20-089,2002,5,0,74,0.8,0,0,0,0,0,0,0,0,0,0,0,0,0,0,0,0,0,0,0,0,0
